parental level of education,lunch,test preparation course,math score,reading score,writing score,avg_score,at_risk,gender_female,gender_male,race/ethnicity_group A,race/ethnicity_group B,race/ethnicity_group C,race/ethnicity_group D,race/ethnicity_group E,attendance_rate
0.0,1.0,1.0,59,70,78,69.0,0,1.0,0.0,0.0,0.0,0.0,1.0,0.0,0.75
3.0,1.0,0.0,96,93,87,92.0,0,0.0,1.0,0.0,0.0,0.0,1.0,0.0,0.98
0.0,0.0,0.0,57,76,77,70.0,0,1.0,0.0,0.0,0.0,0.0,1.0,0.0,0.89
0.0,0.0,0.0,70,70,63,67.66666666666667,0,0.0,1.0,0.0,1.0,0.0,0.0,0.0,0.84
3.0,1.0,0.0,83,85,86,84.66666666666667,0,1.0,0.0,0.0,0.0,0.0,1.0,0.0,0.66
1.0,1.0,0.0,68,57,54,59.666666666666664,1,0.0,1.0,0.0,0.0,1.0,0.0,0.0,0.66
3.0,1.0,0.0,82,83,80,81.66666666666667,0,1.0,0.0,0.0,0.0,0.0,0.0,1.0,0.62
1.0,1.0,0.0,46,61,58,55.0,1,1.0,0.0,0.0,1.0,0.0,0.0,0.0,0.95
1.0,1.0,0.0,80,75,73,76.0,0,0.0,1.0,0.0,0.0,1.0,0.0,0.0,0.84
4.0,1.0,1.0,57,69,77,67.66666666666667,0,1.0,0.0,0.0,0.0,1.0,0.0,0.0,0.88
1.0,1.0,0.0,74,69,69,70.66666666666667,0,0.0,1.0,0.0,1.0,0.0,0.0,0.0,0.61
5.0,1.0,0.0,53,50,49,50.666666666666664,1,0.0,1.0,0.0,1.0,0.0,0.0,0.0,0.99
4.0,0.0,0.0,76,74,76,75.33333333333333,0,0.0,1.0,0.0,1.0,0.0,0.0,0.0,0.93
0.0,1.0,0.0,70,73,70,71.0,0,0.0,1.0,1.0,0.0,0.0,0.0,0.0,0.68
5.0,0.0,0.0,55,54,52,53.666666666666664,1,0.0,1.0,0.0,0.0,1.0,0.0,0.0,0.67
5.0,0.0,0.0,56,46,43,48.333333333333336,1,0.0,1.0,0.0,0.0,0.0,0.0,1.0,0.67
0.0,0.0,0.0,35,47,41,41.0,1,1.0,0.0,0.0,0.0,1.0,0.0,0.0,0.72
2.0,1.0,0.0,87,92,81,86.66666666666667,0,1.0,0.0,0.0,0.0,1.0,0.0,0.0,0.81
3.0,0.0,0.0,80,82,85,82.33333333333333,0,1.0,0.0,0.0,0.0,0.0,0.0,1.0,0.77
3.0,1.0,1.0,65,71,74,70.0,0,1.0,0.0,0.0,0.0,0.0,1.0,0.0,0.72
2.0,0.0,0.0,66,66,62,64.66666666666667,0,0.0,1.0,0.0,0.0,1.0,0.0,0.0,0.84
3.0,1.0,1.0,67,71,76,71.33333333333333,0,1.0,0.0,0.0,0.0,0.0,1.0,0.0,0.66
0.0,1.0,0.0,70,71,71,70.66666666666667,0,1.0,0.0,0.0,1.0,0.0,0.0,0.0,0.72
3.0,1.0,0.0,89,88,86,87.66666666666667,0,0.0,1.0,0.0,0.0,0.0,0.0,1.0,0.75
3.0,1.0,1.0,99,85,88,90.66666666666667,0,0.0,1.0,0.0,0.0,0.0,1.0,0.0,0.78
0.0,1.0,0.0,74,83,72,76.33333333333333,0,0.0,1.0,0.0,1.0,0.0,0.0,0.0,0.91
2.0,0.0,0.0,58,52,51,53.666666666666664,1,0.0,1.0,0.0,0.0,0.0,1.0,0.0,0.68
1.0,1.0,0.0,70,66,59,65.0,0,0.0,1.0,0.0,0.0,0.0,1.0,0.0,0.81
3.0,1.0,0.0,80,79,71,76.66666666666667,0,1.0,0.0,0.0,0.0,0.0,0.0,1.0,0.84
3.0,1.0,0.0,90,87,86,87.66666666666667,0,0.0,1.0,0.0,0.0,0.0,1.0,0.0,0.62
3.0,1.0,1.0,80,81,85,82.0,0,1.0,0.0,0.0,1.0,0.0,0.0,0.0,0.84
3.0,0.0,0.0,68,76,79,74.33333333333333,0,1.0,0.0,0.0,0.0,0.0,1.0,0.0,0.67
2.0,0.0,1.0,69,78,75,74.0,0,1.0,0.0,0.0,1.0,0.0,0.0,0.0,0.63
5.0,0.0,0.0,32,35,37,34.666666666666664,1,1.0,0.0,0.0,0.0,0.0,1.0,0.0,0.98
2.0,1.0,1.0,82,82,82,82.0,0,0.0,1.0,0.0,0.0,0.0,1.0,0.0,0.99
1.0,1.0,0.0,57,53,54,54.666666666666664,1,1.0,0.0,1.0,0.0,0.0,0.0,0.0,0.92
0.0,0.0,0.0,69,74,75,72.66666666666667,0,1.0,0.0,0.0,0.0,0.0,0.0,1.0,0.72
3.0,1.0,1.0,68,66,72,68.66666666666667,0,0.0,1.0,0.0,0.0,0.0,1.0,0.0,0.64
3.0,0.0,1.0,74,85,87,82.0,0,0.0,1.0,0.0,0.0,1.0,0.0,0.0,0.87
5.0,1.0,0.0,89,85,78,84.0,0,0.0,1.0,0.0,0.0,0.0,0.0,1.0,0.78
3.0,0.0,1.0,46,46,48,46.666666666666664,1,0.0,1.0,0.0,0.0,1.0,0.0,0.0,0.65
3.0,1.0,1.0,76,82,77,78.33333333333333,0,0.0,1.0,0.0,0.0,1.0,0.0,0.0,0.8
2.0,1.0,0.0,86,82,72,80.0,0,0.0,1.0,0.0,1.0,0.0,0.0,0.0,0.61
0.0,1.0,0.0,69,73,67,69.66666666666667,0,0.0,1.0,0.0,0.0,0.0,1.0,0.0,0.96
2.0,1.0,0.0,52,56,54,54.0,1,1.0,0.0,0.0,1.0,0.0,0.0,0.0,0.7
4.0,1.0,0.0,63,71,65,66.33333333333333,0,0.0,1.0,0.0,0.0,1.0,0.0,0.0,0.87
3.0,1.0,1.0,96,82,90,89.33333333333333,0,0.0,1.0,1.0,0.0,0.0,0.0,0.0,0.72
0.0,1.0,1.0,80,76,68,74.66666666666667,0,0.0,1.0,0.0,0.0,1.0,0.0,0.0,0.81
2.0,1.0,0.0,59,52,56,55.666666666666664,1,1.0,0.0,0.0,0.0,0.0,0.0,1.0,0.82
1.0,1.0,1.0,80,77,80,79.0,0,0.0,1.0,0.0,0.0,0.0,1.0,0.0,0.67
2.0,0.0,1.0,65,77,74,72.0,0,1.0,0.0,0.0,0.0,0.0,0.0,1.0,0.99
5.0,0.0,1.0,74,83,84,80.33333333333333,0,1.0,0.0,0.0,0.0,0.0,0.0,1.0,0.91
1.0,1.0,0.0,90,93,84,89.0,0,0.0,1.0,0.0,0.0,0.0,1.0,0.0,0.98
0.0,1.0,1.0,69,72,72,71.0,0,1.0,0.0,0.0,1.0,0.0,0.0,0.0,0.96
2.0,1.0,0.0,69,67,63,66.33333333333333,0,0.0,1.0,0.0,0.0,1.0,0.0,0.0,0.84
0.0,1.0,0.0,62,64,61,62.333333333333336,0,1.0,0.0,0.0,0.0,1.0,0.0,0.0,0.97
5.0,1.0,0.0,67,75,80,74.0,0,1.0,0.0,0.0,0.0,0.0,1.0,0.0,0.64
1.0,1.0,1.0,89,93,93,91.66666666666667,0,1.0,0.0,0.0,0.0,0.0,0.0,1.0,0.68
4.0,1.0,0.0,79,86,78,81.0,0,1.0,0.0,0.0,0.0,1.0,0.0,0.0,0.62
1.0,1.0,0.0,67,66,66,66.33333333333333,0,0.0,1.0,0.0,0.0,1.0,0.0,0.0,0.73
1.0,1.0,1.0,82,74,75,77.0,0,0.0,1.0,0.0,0.0,0.0,1.0,0.0,0.76
1.0,0.0,1.0,63,69,63,65.0,0,0.0,1.0,0.0,0.0,1.0,0.0,0.0,0.71
0.0,0.0,0.0,71,83,80,78.0,0,1.0,0.0,0.0,0.0,0.0,1.0,0.0,0.93
3.0,1.0,0.0,55,68,73,65.33333333333333,0,1.0,0.0,0.0,0.0,1.0,0.0,0.0,0.74
2.0,0.0,0.0,61,74,71,68.66666666666667,0,1.0,0.0,0.0,1.0,0.0,0.0,0.0,0.71
3.0,0.0,0.0,35,34,36,35.0,1,1.0,0.0,0.0,1.0,0.0,0.0,0.0,0.82
2.0,0.0,0.0,75,77,66,72.66666666666667,0,0.0,1.0,0.0,0.0,1.0,0.0,0.0,0.66
1.0,0.0,1.0,73,91,88,84.0,0,1.0,0.0,0.0,1.0,0.0,0.0,0.0,0.92
2.0,0.0,0.0,56,62,57,58.333333333333336,1,1.0,0.0,0.0,0.0,1.0,0.0,0.0,0.63
3.0,1.0,0.0,80,70,73,74.33333333333333,0,0.0,1.0,0.0,0.0,0.0,1.0,0.0,0.99
1.0,1.0,1.0,83,81,78,80.66666666666667,0,0.0,1.0,0.0,0.0,1.0,0.0,0.0,0.91
0.0,0.0,1.0,64,82,80,75.33333333333333,0,1.0,0.0,0.0,0.0,0.0,1.0,0.0,0.68
1.0,1.0,0.0,23,33,33,29.666666666666668,1,1.0,0.0,0.0,0.0,1.0,0.0,0.0,0.6
1.0,0.0,1.0,41,58,59,52.666666666666664,1,1.0,0.0,0.0,0.0,0.0,1.0,0.0,0.93
0.0,1.0,1.0,61,49,52,54.0,1,0.0,1.0,0.0,0.0,0.0,0.0,1.0,0.88
4.0,1.0,0.0,63,46,46,51.666666666666664,1,0.0,1.0,0.0,1.0,0.0,0.0,0.0,0.89
3.0,0.0,1.0,84,91,89,88.0,0,0.0,1.0,0.0,1.0,0.0,0.0,0.0,0.91
0.0,1.0,0.0,55,61,59,58.333333333333336,1,0.0,1.0,0.0,0.0,1.0,0.0,0.0,0.63
3.0,1.0,1.0,85,75,74,78.0,0,0.0,1.0,1.0,0.0,0.0,0.0,0.0,0.74
2.0,1.0,0.0,65,61,57,61.0,0,0.0,1.0,0.0,1.0,0.0,0.0,0.0,0.65
3.0,1.0,0.0,88,80,81,83.0,0,0.0,1.0,0.0,0.0,1.0,0.0,0.0,0.95
5.0,0.0,1.0,91,93,95,93.0,0,0.0,1.0,0.0,0.0,0.0,1.0,0.0,0.85
0.0,1.0,0.0,51,46,42,46.333333333333336,1,1.0,0.0,1.0,0.0,0.0,0.0,0.0,0.73
0.0,1.0,1.0,73,77,76,75.33333333333333,0,0.0,1.0,0.0,0.0,1.0,0.0,0.0,0.63
0.0,1.0,0.0,73,89,89,83.66666666666667,0,1.0,0.0,0.0,0.0,0.0,1.0,0.0,0.72
5.0,1.0,0.0,100,97,91,96.0,0,0.0,1.0,0.0,0.0,0.0,1.0,0.0,0.73
1.0,1.0,1.0,48,68,68,61.333333333333336,0,1.0,0.0,0.0,0.0,0.0,1.0,0.0,0.89
0.0,1.0,0.0,98,79,85,87.33333333333333,0,0.0,1.0,0.0,0.0,0.0,0.0,1.0,0.86
5.0,1.0,0.0,68,65,60,64.33333333333333,0,0.0,1.0,0.0,1.0,0.0,0.0,0.0,0.95
4.0,1.0,0.0,64,62,58,61.333333333333336,0,0.0,1.0,0.0,0.0,1.0,0.0,0.0,0.79
3.0,0.0,1.0,72,67,61,66.66666666666667,0,0.0,1.0,0.0,0.0,1.0,0.0,0.0,0.65
4.0,1.0,0.0,63,74,75,70.66666666666667,0,1.0,0.0,0.0,0.0,1.0,0.0,0.0,0.89
0.0,1.0,0.0,43,51,38,44.0,1,0.0,1.0,0.0,0.0,1.0,0.0,0.0,0.9
0.0,1.0,0.0,80,75,74,76.33333333333333,0,0.0,1.0,0.0,0.0,0.0,1.0,0.0,0.82
0.0,1.0,0.0,71,88,83,80.66666666666667,0,1.0,0.0,0.0,0.0,1.0,0.0,0.0,0.91
3.0,1.0,1.0,91,96,97,94.66666666666667,0,1.0,0.0,0.0,0.0,1.0,0.0,0.0,0.8
0.0,1.0,1.0,68,84,87,79.66666666666667,0,1.0,0.0,0.0,0.0,0.0,1.0,0.0,0.81
3.0,1.0,0.0,73,80,78,77.0,0,1.0,0.0,0.0,1.0,0.0,0.0,0.0,0.77
2.0,0.0,1.0,75,90,95,86.66666666666667,0,1.0,0.0,0.0,1.0,0.0,0.0,0.0,0.61
0.0,0.0,0.0,83,62,64,69.66666666666667,0,0.0,1.0,0.0,0.0,1.0,0.0,0.0,0.64
2.0,1.0,0.0,88,72,74,78.0,0,0.0,1.0,0.0,0.0,0.0,1.0,0.0,0.61
4.0,1.0,0.0,59,50,53,54.0,1,0.0,1.0,0.0,0.0,1.0,0.0,0.0,0.85
3.0,1.0,0.0,74,69,63,68.66666666666667,0,0.0,1.0,0.0,0.0,0.0,1.0,0.0,0.73
0.0,0.0,0.0,43,58,60,53.666666666666664,1,1.0,0.0,0.0,0.0,1.0,0.0,0.0,0.8
2.0,0.0,0.0,76,90,84,83.33333333333333,0,1.0,0.0,0.0,0.0,1.0,0.0,0.0,0.96
1.0,1.0,0.0,74,75,74,74.33333333333333,0,1.0,0.0,0.0,0.0,0.0,1.0,0.0,0.7
1.0,1.0,1.0,69,76,72,72.33333333333333,0,1.0,0.0,0.0,1.0,0.0,0.0,0.0,0.76
1.0,1.0,0.0,62,78,74,71.33333333333333,0,1.0,0.0,0.0,1.0,0.0,0.0,0.0,0.9
3.0,0.0,1.0,61,58,56,58.333333333333336,1,0.0,1.0,0.0,0.0,1.0,0.0,0.0,0.69
0.0,1.0,0.0,88,81,77,82.0,0,0.0,1.0,0.0,0.0,0.0,0.0,1.0,0.63
1.0,0.0,1.0,64,84,83,77.0,0,1.0,0.0,0.0,0.0,0.0,1.0,0.0,0.72
4.0,1.0,0.0,65,79,73,72.33333333333333,0,1.0,0.0,0.0,1.0,0.0,0.0,0.0,0.66
0.0,1.0,1.0,73,86,89,82.66666666666667,0,1.0,0.0,0.0,0.0,1.0,0.0,0.0,0.97
5.0,1.0,1.0,50,64,63,59.0,1,1.0,0.0,0.0,0.0,1.0,0.0,0.0,0.92
3.0,1.0,1.0,63,72,78,71.0,0,1.0,0.0,0.0,1.0,0.0,0.0,0.0,0.85
4.0,1.0,0.0,98,95,100,97.66666666666667,0,1.0,0.0,0.0,0.0,0.0,0.0,1.0,0.95
2.0,1.0,0.0,90,96,88,91.33333333333333,0,1.0,0.0,0.0,0.0,0.0,0.0,1.0,0.92
2.0,0.0,1.0,64,71,68,67.66666666666667,0,0.0,1.0,0.0,0.0,1.0,0.0,0.0,0.67
2.0,0.0,0.0,38,55,52,48.333333333333336,1,1.0,0.0,0.0,1.0,0.0,0.0,0.0,0.96
4.0,1.0,0.0,84,91,93,89.33333333333333,0,1.0,0.0,0.0,1.0,0.0,0.0,0.0,0.82
2.0,1.0,1.0,81,74,79,78.0,0,0.0,1.0,0.0,0.0,0.0,1.0,0.0,0.92
5.0,1.0,0.0,82,84,81,82.33333333333333,0,0.0,1.0,0.0,0.0,0.0,1.0,0.0,0.96
3.0,0.0,1.0,64,67,75,68.66666666666667,0,1.0,0.0,0.0,0.0,0.0,1.0,0.0,0.73
2.0,1.0,0.0,55,60,67,60.666666666666664,0,1.0,0.0,0.0,1.0,0.0,0.0,0.0,0.64
4.0,0.0,1.0,59,78,80,72.33333333333333,0,1.0,0.0,0.0,0.0,0.0,1.0,0.0,0.69
0.0,1.0,0.0,83,90,88,87.0,0,1.0,0.0,0.0,0.0,0.0,0.0,1.0,0.77
3.0,1.0,1.0,76,79,80,78.33333333333333,0,0.0,1.0,0.0,1.0,0.0,0.0,0.0,0.93
1.0,1.0,1.0,83,95,97,91.66666666666667,0,1.0,0.0,0.0,0.0,0.0,1.0,0.0,0.94
3.0,1.0,0.0,69,75,75,73.0,0,1.0,0.0,0.0,0.0,1.0,0.0,0.0,0.6
0.0,0.0,0.0,43,65,60,56.0,1,1.0,0.0,0.0,0.0,1.0,0.0,0.0,0.8
3.0,0.0,0.0,52,65,60,59.0,1,1.0,0.0,0.0,0.0,1.0,0.0,0.0,0.77
0.0,1.0,0.0,56,58,55,56.333333333333336,1,1.0,0.0,0.0,0.0,1.0,0.0,0.0,0.69
1.0,0.0,1.0,47,46,51,48.0,1,0.0,1.0,0.0,0.0,0.0,1.0,0.0,0.65
5.0,1.0,0.0,71,61,63,65.0,0,0.0,1.0,0.0,0.0,0.0,1.0,0.0,0.74
5.0,1.0,1.0,66,70,83,73.0,0,1.0,0.0,0.0,0.0,1.0,0.0,0.0,0.98
0.0,1.0,0.0,81,65,60,68.66666666666667,0,0.0,1.0,0.0,0.0,1.0,0.0,0.0,0.73
5.0,1.0,0.0,85,90,88,87.66666666666667,0,1.0,0.0,0.0,0.0,0.0,0.0,1.0,0.81
5.0,1.0,0.0,76,77,77,76.66666666666667,0,1.0,0.0,0.0,0.0,0.0,0.0,1.0,0.88
0.0,0.0,0.0,50,66,66,60.666666666666664,0,1.0,0.0,0.0,0.0,0.0,1.0,0.0,0.75
2.0,1.0,0.0,76,81,74,77.0,0,0.0,1.0,0.0,0.0,1.0,0.0,0.0,0.99
0.0,1.0,0.0,65,64,61,63.333333333333336,0,0.0,1.0,0.0,0.0,1.0,0.0,0.0,0.98
2.0,1.0,0.0,59,69,64,64.0,0,1.0,0.0,0.0,0.0,0.0,1.0,0.0,0.7
2.0,1.0,0.0,84,77,80,80.33333333333333,0,0.0,1.0,0.0,0.0,1.0,0.0,0.0,0.8
4.0,1.0,0.0,85,77,78,80.0,0,0.0,1.0,0.0,0.0,0.0,0.0,1.0,0.72
3.0,1.0,0.0,61,56,60,59.0,1,1.0,0.0,0.0,0.0,0.0,1.0,0.0,0.71
4.0,1.0,1.0,73,79,81,77.66666666666667,0,1.0,0.0,1.0,0.0,0.0,0.0,0.0,0.61
1.0,1.0,0.0,82,77,72,77.0,0,0.0,1.0,0.0,0.0,0.0,1.0,0.0,0.84
3.0,1.0,0.0,75,70,71,72.0,0,1.0,0.0,0.0,0.0,0.0,0.0,1.0,0.8
4.0,1.0,0.0,91,83,82,85.33333333333333,0,0.0,1.0,0.0,0.0,1.0,0.0,0.0,0.62
5.0,1.0,0.0,67,78,80,75.0,0,1.0,0.0,0.0,0.0,1.0,0.0,0.0,0.71
2.0,1.0,1.0,62,69,67,66.0,0,0.0,1.0,0.0,0.0,0.0,1.0,0.0,0.96
5.0,1.0,0.0,61,56,52,56.333333333333336,1,0.0,1.0,0.0,1.0,0.0,0.0,0.0,0.7
2.0,1.0,0.0,66,77,80,74.33333333333333,0,1.0,0.0,0.0,0.0,1.0,0.0,0.0,0.66
5.0,1.0,0.0,59,57,51,55.666666666666664,1,0.0,1.0,1.0,0.0,0.0,0.0,0.0,0.8
0.0,1.0,0.0,88,76,81,81.66666666666667,0,0.0,1.0,0.0,0.0,0.0,0.0,1.0,0.99
3.0,0.0,0.0,67,73,74,71.33333333333333,0,1.0,0.0,0.0,1.0,0.0,0.0,0.0,0.7
3.0,1.0,1.0,91,99,100,96.66666666666667,0,1.0,0.0,0.0,1.0,0.0,0.0,0.0,0.87
3.0,0.0,1.0,87,82,79,82.66666666666667,0,0.0,1.0,0.0,0.0,1.0,0.0,0.0,0.9
0.0,1.0,1.0,83,79,80,80.66666666666667,0,0.0,1.0,0.0,1.0,0.0,0.0,0.0,0.7
3.0,1.0,0.0,70,79,76,75.0,0,1.0,0.0,0.0,0.0,0.0,1.0,0.0,0.89
3.0,1.0,0.0,83,83,78,81.33333333333333,0,0.0,1.0,0.0,0.0,0.0,0.0,1.0,0.75
3.0,1.0,0.0,49,53,47,49.666666666666664,1,0.0,1.0,0.0,0.0,1.0,0.0,0.0,0.85
2.0,1.0,1.0,65,60,57,60.666666666666664,0,0.0,1.0,0.0,0.0,0.0,1.0,0.0,0.85
3.0,0.0,1.0,50,56,55,53.666666666666664,1,0.0,1.0,0.0,1.0,0.0,0.0,0.0,0.81
0.0,1.0,0.0,62,58,57,59.0,1,0.0,1.0,1.0,0.0,0.0,0.0,0.0,0.64
4.0,1.0,0.0,56,50,50,52.0,1,0.0,1.0,0.0,0.0,0.0,0.0,1.0,0.93
3.0,1.0,0.0,44,49,53,48.666666666666664,1,1.0,0.0,0.0,0.0,1.0,0.0,0.0,0.73
1.0,0.0,0.0,63,72,60,65.0,0,1.0,0.0,0.0,0.0,0.0,0.0,1.0,0.67
2.0,1.0,1.0,72,69,74,71.66666666666667,0,0.0,1.0,0.0,0.0,0.0,1.0,0.0,0.62
4.0,0.0,1.0,64,77,77,72.66666666666667,0,1.0,0.0,0.0,0.0,0.0,1.0,0.0,0.84
0.0,1.0,1.0,61,75,82,72.66666666666667,0,1.0,0.0,0.0,1.0,0.0,0.0,0.0,0.87
0.0,0.0,0.0,82,72,69,74.33333333333333,0,0.0,1.0,0.0,0.0,0.0,1.0,0.0,0.61
1.0,1.0,1.0,57,68,74,66.33333333333333,0,1.0,0.0,1.0,0.0,0.0,0.0,0.0,0.8
5.0,1.0,0.0,43,45,38,42.0,1,0.0,1.0,0.0,0.0,0.0,0.0,1.0,0.69
1.0,1.0,0.0,69,56,59,61.333333333333336,0,0.0,1.0,0.0,0.0,0.0,1.0,0.0,0.86
5.0,1.0,0.0,62,71,74,69.0,0,1.0,0.0,0.0,0.0,0.0,1.0,0.0,0.67
1.0,1.0,0.0,60,73,68,67.0,0,1.0,0.0,0.0,1.0,0.0,0.0,0.0,0.88
2.0,1.0,0.0,81,70,70,73.66666666666667,0,0.0,1.0,0.0,0.0,0.0,0.0,1.0,0.75
3.0,0.0,1.0,68,84,87,79.66666666666667,0,1.0,0.0,0.0,0.0,1.0,0.0,0.0,0.97
3.0,1.0,0.0,65,63,57,61.666666666666664,0,0.0,1.0,0.0,0.0,1.0,0.0,0.0,0.66
2.0,1.0,0.0,59,72,67,66.0,0,1.0,0.0,0.0,1.0,0.0,0.0,0.0,0.74
3.0,1.0,0.0,81,89,86,85.33333333333333,0,1.0,0.0,0.0,1.0,0.0,0.0,0.0,0.65
5.0,0.0,0.0,84,85,87,85.33333333333333,0,0.0,1.0,1.0,0.0,0.0,0.0,0.0,0.97
2.0,1.0,1.0,56,68,70,64.66666666666667,0,1.0,0.0,1.0,0.0,0.0,0.0,0.0,0.95
5.0,0.0,1.0,71,75,73,73.0,0,0.0,1.0,0.0,1.0,0.0,0.0,0.0,0.7
5.0,0.0,0.0,93,98,94,95.0,0,1.0,0.0,0.0,0.0,0.0,1.0,0.0,0.86
2.0,1.0,0.0,77,81,85,81.0,0,1.0,0.0,0.0,0.0,1.0,0.0,0.0,0.93
0.0,1.0,0.0,50,40,44,44.666666666666664,1,0.0,1.0,0.0,0.0,1.0,0.0,0.0,0.82
0.0,1.0,0.0,75,75,78,76.0,0,1.0,0.0,0.0,0.0,0.0,1.0,0.0,0.81
4.0,1.0,0.0,64,82,80,75.33333333333333,0,1.0,0.0,0.0,0.0,1.0,0.0,0.0,0.7
4.0,1.0,0.0,77,65,69,70.33333333333333,0,0.0,1.0,0.0,0.0,1.0,0.0,0.0,0.64
1.0,1.0,1.0,64,81,87,77.33333333333333,0,1.0,0.0,1.0,0.0,0.0,0.0,0.0,0.96
1.0,1.0,0.0,71,63,55,63.0,0,0.0,1.0,0.0,1.0,0.0,0.0,0.0,0.96
1.0,0.0,1.0,58,57,53,56.0,1,0.0,1.0,0.0,0.0,0.0,1.0,0.0,0.85
2.0,0.0,0.0,47,66,66,59.666666666666664,1,1.0,0.0,0.0,0.0,0.0,1.0,0.0,0.74
3.0,1.0,0.0,57,63,54,58.0,1,0.0,1.0,0.0,0.0,0.0,1.0,0.0,0.74
0.0,1.0,1.0,82,89,86,85.66666666666667,0,0.0,1.0,0.0,0.0,1.0,0.0,0.0,0.89
5.0,1.0,0.0,53,61,59,57.666666666666664,1,1.0,0.0,0.0,1.0,0.0,0.0,0.0,0.96
3.0,0.0,1.0,89,98,99,95.33333333333333,0,1.0,0.0,0.0,0.0,1.0,0.0,0.0,0.95
0.0,1.0,1.0,89,94,94,92.33333333333333,0,1.0,0.0,0.0,0.0,0.0,0.0,1.0,0.91
0.0,0.0,1.0,75,97,92,88.0,0,1.0,0.0,1.0,0.0,0.0,0.0,0.0,0.86
0.0,0.0,0.0,62,61,57,60.0,0,0.0,1.0,0.0,0.0,0.0,1.0,0.0,0.63
2.0,1.0,0.0,63,76,67,68.66666666666667,0,1.0,0.0,0.0,1.0,0.0,0.0,0.0,0.66
2.0,1.0,0.0,100,91,85,92.0,0,0.0,1.0,0.0,0.0,0.0,0.0,1.0,0.96
3.0,1.0,0.0,62,81,77,73.33333333333333,0,1.0,0.0,0.0,1.0,0.0,0.0,0.0,0.84
3.0,1.0,0.0,75,95,94,88.0,0,1.0,0.0,0.0,1.0,0.0,0.0,0.0,0.6
0.0,1.0,0.0,51,56,53,53.333333333333336,1,0.0,1.0,0.0,0.0,1.0,0.0,0.0,0.64
5.0,0.0,0.0,74,67,67,69.33333333333333,0,0.0,1.0,0.0,0.0,0.0,0.0,1.0,0.87
2.0,0.0,0.0,66,66,58,63.333333333333336,0,0.0,1.0,0.0,0.0,1.0,0.0,0.0,0.6
1.0,1.0,1.0,52,59,59,56.666666666666664,1,0.0,1.0,0.0,0.0,1.0,0.0,0.0,0.66
5.0,0.0,0.0,69,56,56,60.333333333333336,0,0.0,1.0,0.0,0.0,0.0,0.0,1.0,0.82
1.0,0.0,1.0,46,57,57,53.333333333333336,1,1.0,0.0,0.0,0.0,0.0,0.0,1.0,0.88
0.0,1.0,0.0,74,77,73,74.66666666666667,0,1.0,0.0,0.0,0.0,0.0,0.0,1.0,0.86
5.0,1.0,0.0,100,90,88,92.66666666666667,0,0.0,1.0,0.0,1.0,0.0,0.0,0.0,0.69
1.0,1.0,0.0,83,77,77,79.0,0,0.0,1.0,1.0,0.0,0.0,0.0,0.0,0.88
3.0,0.0,1.0,82,78,90,83.33333333333333,0,0.0,1.0,0.0,0.0,0.0,1.0,0.0,0.69
2.0,1.0,0.0,58,66,70,64.66666666666667,0,1.0,0.0,0.0,0.0,0.0,1.0,0.0,0.73
1.0,0.0,1.0,59,55,58,57.333333333333336,1,0.0,1.0,1.0,0.0,0.0,0.0,0.0,0.9
2.0,1.0,0.0,77,90,82,83.0,0,1.0,0.0,0.0,0.0,0.0,1.0,0.0,0.86
2.0,1.0,0.0,61,61,57,59.666666666666664,1,1.0,0.0,0.0,0.0,0.0,0.0,1.0,0.94
5.0,1.0,0.0,85,81,80,82.0,0,0.0,1.0,0.0,0.0,1.0,0.0,0.0,0.86
2.0,0.0,1.0,59,68,68,65.0,0,1.0,0.0,0.0,0.0,0.0,0.0,1.0,0.83
5.0,0.0,1.0,71,92,93,85.33333333333333,0,1.0,0.0,0.0,0.0,1.0,0.0,0.0,0.64
1.0,1.0,0.0,52,71,70,64.33333333333333,0,1.0,0.0,0.0,0.0,0.0,0.0,1.0,0.75
0.0,1.0,0.0,62,62,68,64.0,0,1.0,0.0,0.0,0.0,0.0,1.0,0.0,0.71
3.0,1.0,0.0,47,48,49,48.0,1,0.0,1.0,0.0,1.0,0.0,0.0,0.0,0.7
0.0,1.0,1.0,96,92,88,92.0,0,0.0,1.0,0.0,0.0,0.0,1.0,0.0,0.99
1.0,1.0,0.0,48,60,57,55.0,1,1.0,0.0,0.0,0.0,0.0,0.0,1.0,0.76
2.0,0.0,0.0,20,25,15,20.0,1,0.0,1.0,0.0,0.0,1.0,0.0,0.0,0.96
1.0,1.0,0.0,70,75,76,73.66666666666667,0,1.0,0.0,0.0,0.0,1.0,0.0,0.0,0.85
2.0,0.0,1.0,59,62,58,59.666666666666664,1,0.0,1.0,0.0,1.0,0.0,0.0,0.0,0.92
3.0,0.0,0.0,80,80,83,81.0,0,1.0,0.0,0.0,0.0,0.0,0.0,1.0,0.8
0.0,1.0,0.0,83,88,90,87.0,0,1.0,0.0,0.0,1.0,0.0,0.0,0.0,0.83
4.0,1.0,0.0,75,71,76,74.0,0,0.0,1.0,0.0,0.0,1.0,0.0,0.0,0.8
0.0,0.0,1.0,73,68,72,71.0,0,0.0,1.0,0.0,0.0,0.0,1.0,0.0,0.68
3.0,1.0,0.0,78,78,82,79.33333333333333,0,1.0,0.0,0.0,0.0,1.0,0.0,0.0,0.89
4.0,1.0,1.0,94,82,93,89.66666666666667,0,0.0,1.0,0.0,1.0,0.0,0.0,0.0,0.71
1.0,0.0,1.0,46,63,66,58.333333333333336,1,1.0,0.0,0.0,1.0,0.0,0.0,0.0,0.61
0.0,0.0,1.0,77,77,77,77.0,0,0.0,1.0,0.0,0.0,0.0,1.0,0.0,0.86
1.0,1.0,0.0,63,56,47,55.333333333333336,1,0.0,1.0,0.0,1.0,0.0,0.0,0.0,0.67
4.0,1.0,1.0,64,70,72,68.66666666666667,0,0.0,1.0,0.0,1.0,0.0,0.0,0.0,0.98
1.0,0.0,0.0,60,69,70,66.33333333333333,0,1.0,0.0,0.0,0.0,0.0,1.0,0.0,0.98
0.0,1.0,0.0,74,79,73,75.33333333333333,0,1.0,0.0,0.0,0.0,0.0,1.0,0.0,0.97
2.0,0.0,0.0,67,77,81,75.0,0,1.0,0.0,0.0,1.0,0.0,0.0,0.0,0.75
2.0,1.0,1.0,78,81,80,79.66666666666667,0,0.0,1.0,0.0,0.0,1.0,0.0,0.0,0.61
2.0,1.0,1.0,88,75,72,78.33333333333333,0,0.0,1.0,0.0,0.0,1.0,0.0,0.0,0.97
3.0,0.0,1.0,52,64,66,60.666666666666664,0,1.0,0.0,0.0,0.0,1.0,0.0,0.0,0.77
2.0,1.0,0.0,88,66,73,75.66666666666667,0,0.0,1.0,0.0,0.0,1.0,0.0,0.0,0.99
2.0,1.0,1.0,78,88,85,83.66666666666667,0,0.0,1.0,1.0,0.0,0.0,0.0,0.0,0.99
2.0,1.0,0.0,55,62,61,59.333333333333336,1,1.0,0.0,0.0,0.0,1.0,0.0,0.0,0.94
0.0,1.0,0.0,71,69,73,71.0,0,1.0,0.0,0.0,0.0,1.0,0.0,0.0,0.72
2.0,0.0,0.0,75,79,68,74.0,0,0.0,1.0,0.0,0.0,1.0,0.0,0.0,0.75
4.0,1.0,1.0,62,60,55,59.0,1,0.0,1.0,0.0,1.0,0.0,0.0,0.0,0.94
4.0,1.0,1.0,66,73,72,70.33333333333333,0,1.0,0.0,0.0,1.0,0.0,0.0,0.0,0.73
4.0,1.0,0.0,39,45,36,40.0,1,0.0,1.0,0.0,0.0,0.0,1.0,0.0,0.67
0.0,1.0,0.0,85,80,73,79.33333333333333,0,0.0,1.0,0.0,1.0,0.0,0.0,0.0,0.82
2.0,0.0,0.0,46,57,53,52.0,1,1.0,0.0,0.0,1.0,0.0,0.0,0.0,0.97
5.0,0.0,1.0,57,64,66,62.333333333333336,0,0.0,1.0,0.0,0.0,1.0,0.0,0.0,0.88
3.0,1.0,1.0,65,78,81,74.66666666666667,0,1.0,0.0,0.0,1.0,0.0,0.0,0.0,0.83
0.0,1.0,0.0,86,82,72,80.0,0,0.0,1.0,0.0,0.0,1.0,0.0,0.0,0.64
1.0,1.0,0.0,59,50,41,50.0,1,0.0,1.0,0.0,0.0,1.0,0.0,0.0,0.85
1.0,0.0,1.0,49,69,68,62.0,0,1.0,0.0,0.0,0.0,0.0,1.0,0.0,1.0
0.0,0.0,0.0,51,50,44,48.333333333333336,1,0.0,1.0,0.0,1.0,0.0,0.0,0.0,0.66
3.0,1.0,0.0,53,57,60,56.666666666666664,1,1.0,0.0,1.0,0.0,0.0,0.0,0.0,0.81
0.0,1.0,0.0,82,84,83,83.0,0,1.0,0.0,0.0,0.0,1.0,0.0,0.0,0.95
2.0,0.0,0.0,51,68,66,61.666666666666664,0,1.0,0.0,0.0,0.0,1.0,0.0,0.0,0.9
1.0,1.0,0.0,74,79,79,77.33333333333333,0,1.0,0.0,0.0,0.0,0.0,1.0,0.0,0.88
5.0,0.0,0.0,73,72,75,73.33333333333333,0,1.0,0.0,0.0,0.0,0.0,1.0,0.0,0.88
2.0,0.0,0.0,42,61,63,55.333333333333336,1,1.0,0.0,0.0,0.0,0.0,1.0,0.0,0.74
0.0,0.0,1.0,41,59,56,52.0,1,1.0,0.0,0.0,0.0,1.0,0.0,0.0,0.72
0.0,1.0,0.0,84,88,84,85.33333333333333,0,1.0,0.0,0.0,0.0,1.0,0.0,0.0,0.92
0.0,0.0,1.0,64,66,62,64.0,0,1.0,0.0,0.0,0.0,0.0,1.0,0.0,0.92
2.0,0.0,0.0,74,88,75,79.0,0,1.0,0.0,0.0,0.0,0.0,0.0,1.0,0.95
3.0,1.0,0.0,91,84,77,84.0,0,0.0,1.0,0.0,0.0,1.0,0.0,0.0,0.97
3.0,1.0,0.0,67,72,65,68.0,0,0.0,1.0,0.0,0.0,0.0,1.0,0.0,0.8
2.0,1.0,0.0,54,56,59,56.333333333333336,1,1.0,0.0,0.0,1.0,0.0,0.0,0.0,0.8
5.0,1.0,0.0,44,39,37,40.0,1,1.0,0.0,0.0,0.0,0.0,1.0,0.0,0.92
5.0,1.0,1.0,65,84,86,78.33333333333333,0,1.0,0.0,0.0,0.0,1.0,0.0,0.0,0.86
3.0,1.0,0.0,37,40,36,37.666666666666664,1,0.0,1.0,1.0,0.0,0.0,0.0,0.0,0.88
3.0,0.0,0.0,58,75,78,70.33333333333333,0,1.0,0.0,1.0,0.0,0.0,0.0,0.0,0.92
4.0,0.0,0.0,69,78,78,75.0,0,1.0,0.0,0.0,0.0,1.0,0.0,0.0,0.96
1.0,1.0,0.0,64,56,51,57.0,1,0.0,1.0,0.0,0.0,1.0,0.0,0.0,0.74
2.0,1.0,0.0,70,63,63,65.33333333333333,0,1.0,0.0,0.0,0.0,1.0,0.0,0.0,0.75
2.0,0.0,0.0,55,68,66,63.0,0,1.0,0.0,0.0,1.0,0.0,0.0,0.0,0.64
0.0,1.0,1.0,45,63,67,58.333333333333336,1,1.0,0.0,0.0,1.0,0.0,0.0,0.0,0.83
0.0,1.0,1.0,80,70,71,73.66666666666667,0,0.0,1.0,0.0,0.0,0.0,0.0,1.0,0.61
0.0,1.0,0.0,77,73,69,73.0,0,0.0,1.0,1.0,0.0,0.0,0.0,0.0,0.79
4.0,0.0,0.0,57,54,44,51.666666666666664,1,0.0,1.0,0.0,1.0,0.0,0.0,0.0,0.82
4.0,1.0,0.0,67,72,72,70.33333333333333,0,1.0,0.0,0.0,0.0,1.0,0.0,0.0,0.71
5.0,1.0,0.0,68,70,72,70.0,0,1.0,0.0,1.0,0.0,0.0,0.0,0.0,0.84
2.0,1.0,0.0,49,53,43,48.333333333333336,1,0.0,1.0,0.0,0.0,1.0,0.0,0.0,0.61
3.0,1.0,0.0,42,48,42,44.0,1,1.0,0.0,0.0,0.0,0.0,1.0,0.0,0.61
3.0,1.0,0.0,96,93,100,96.33333333333333,0,1.0,0.0,0.0,0.0,0.0,0.0,1.0,0.93
4.0,0.0,0.0,55,56,54,55.0,1,1.0,0.0,0.0,0.0,1.0,0.0,0.0,0.74
5.0,1.0,0.0,70,65,56,63.666666666666664,0,0.0,1.0,0.0,0.0,0.0,1.0,0.0,0.65
4.0,0.0,0.0,51,53,51,51.666666666666664,1,0.0,1.0,0.0,0.0,1.0,0.0,0.0,0.81
0.0,0.0,1.0,27,49,50,42.0,1,1.0,0.0,0.0,1.0,0.0,0.0,0.0,0.91
2.0,1.0,0.0,60,54,47,53.666666666666664,1,0.0,1.0,0.0,0.0,0.0,1.0,0.0,0.69
1.0,1.0,0.0,44,56,47,49.0,1,1.0,0.0,0.0,1.0,0.0,0.0,0.0,0.85
2.0,1.0,1.0,63,73,74,70.0,0,1.0,0.0,0.0,0.0,1.0,0.0,0.0,0.63
3.0,1.0,0.0,72,77,75,74.66666666666667,0,1.0,0.0,0.0,0.0,1.0,0.0,0.0,0.62
1.0,1.0,0.0,82,77,80,79.66666666666667,0,1.0,0.0,0.0,0.0,0.0,1.0,0.0,0.81
4.0,1.0,1.0,82,85,99,88.66666666666667,0,1.0,0.0,0.0,1.0,0.0,0.0,0.0,0.82
1.0,1.0,0.0,70,82,83,78.33333333333333,0,1.0,0.0,1.0,0.0,0.0,0.0,0.0,0.85
2.0,0.0,1.0,76,61,61,66.0,0,0.0,1.0,0.0,0.0,0.0,0.0,1.0,0.89
4.0,0.0,1.0,62,68,74,68.0,0,1.0,0.0,0.0,0.0,1.0,0.0,0.0,0.99
2.0,0.0,0.0,58,62,54,58.0,1,1.0,0.0,0.0,1.0,0.0,0.0,0.0,0.81
2.0,1.0,0.0,61,73,70,68.0,0,1.0,0.0,1.0,0.0,0.0,0.0,0.0,0.73
4.0,1.0,1.0,88,82,82,84.0,0,0.0,1.0,0.0,1.0,0.0,0.0,0.0,0.92
0.0,1.0,0.0,61,64,54,59.666666666666664,1,1.0,0.0,0.0,0.0,1.0,0.0,0.0,0.71
2.0,1.0,1.0,88,77,78,81.0,0,0.0,1.0,0.0,0.0,0.0,1.0,0.0,0.78
1.0,0.0,0.0,57,45,46,49.333333333333336,1,0.0,1.0,0.0,0.0,0.0,0.0,1.0,0.63
2.0,1.0,1.0,92,95,93,93.33333333333333,0,1.0,0.0,0.0,0.0,0.0,1.0,0.0,0.61
5.0,1.0,0.0,80,79,73,77.33333333333333,0,0.0,1.0,0.0,0.0,1.0,0.0,0.0,0.99
1.0,1.0,0.0,62,54,52,56.0,1,0.0,1.0,1.0,0.0,0.0,0.0,0.0,0.93
0.0,1.0,0.0,71,74,80,75.0,0,1.0,0.0,0.0,0.0,0.0,1.0,0.0,0.88
2.0,0.0,0.0,54,58,63,58.333333333333336,1,1.0,0.0,0.0,0.0,0.0,1.0,0.0,0.76
0.0,0.0,0.0,43,43,40,42.0,1,0.0,1.0,1.0,0.0,0.0,0.0,0.0,0.67
0.0,1.0,0.0,51,57,60,56.0,1,1.0,0.0,0.0,0.0,1.0,0.0,0.0,0.66
1.0,1.0,0.0,57,46,44,49.0,1,0.0,1.0,0.0,0.0,1.0,0.0,0.0,0.7
1.0,1.0,1.0,62,71,62,65.0,0,0.0,1.0,0.0,0.0,1.0,0.0,0.0,0.82
1.0,1.0,0.0,48,59,55,54.0,1,1.0,0.0,0.0,1.0,0.0,0.0,0.0,0.89
3.0,0.0,1.0,61,69,62,64.0,0,0.0,1.0,0.0,0.0,1.0,0.0,0.0,0.86
1.0,1.0,1.0,94,91,98,94.33333333333333,0,1.0,0.0,0.0,0.0,0.0,1.0,0.0,0.71
0.0,0.0,0.0,44,45,41,43.333333333333336,1,0.0,1.0,0.0,1.0,0.0,0.0,0.0,0.98
3.0,1.0,0.0,56,71,70,65.66666666666667,0,1.0,0.0,0.0,0.0,1.0,0.0,0.0,0.9
3.0,0.0,0.0,68,69,55,64.0,0,0.0,1.0,0.0,0.0,0.0,1.0,0.0,0.82
0.0,0.0,0.0,61,53,48,54.0,1,0.0,1.0,0.0,0.0,0.0,1.0,0.0,0.84
2.0,1.0,1.0,49,68,67,61.333333333333336,0,1.0,0.0,0.0,0.0,1.0,0.0,0.0,0.77
0.0,1.0,0.0,71,71,76,72.66666666666667,0,1.0,0.0,0.0,0.0,0.0,1.0,0.0,0.7
1.0,1.0,0.0,78,86,80,81.33333333333333,0,1.0,0.0,0.0,0.0,0.0,0.0,1.0,0.74
3.0,1.0,0.0,74,70,63,69.0,0,0.0,1.0,0.0,0.0,0.0,1.0,0.0,0.9
2.0,1.0,0.0,66,63,63,64.0,0,0.0,1.0,0.0,0.0,1.0,0.0,0.0,0.61
1.0,0.0,0.0,61,56,53,56.666666666666664,1,0.0,1.0,0.0,0.0,1.0,0.0,0.0,0.65
0.0,0.0,0.0,59,45,44,49.333333333333336,1,0.0,1.0,0.0,0.0,0.0,1.0,0.0,0.62
2.0,0.0,0.0,49,65,62,58.666666666666664,1,1.0,0.0,0.0,1.0,0.0,0.0,0.0,0.62
3.0,0.0,0.0,61,68,67,65.33333333333333,0,1.0,0.0,0.0,1.0,0.0,0.0,0.0,0.94
4.0,0.0,1.0,54,57,63,58.0,1,1.0,0.0,0.0,0.0,1.0,0.0,0.0,0.88
2.0,0.0,1.0,45,61,63,56.333333333333336,1,1.0,0.0,0.0,1.0,0.0,0.0,0.0,0.79
4.0,0.0,1.0,81,96,99,92.0,0,1.0,0.0,0.0,0.0,0.0,1.0,0.0,0.64
3.0,1.0,0.0,71,87,87,81.66666666666667,0,1.0,0.0,0.0,1.0,0.0,0.0,0.0,0.8
3.0,1.0,0.0,67,60,61,62.666666666666664,0,0.0,1.0,0.0,1.0,0.0,0.0,0.0,0.79
0.0,1.0,0.0,56,53,58,55.666666666666664,1,1.0,0.0,0.0,0.0,0.0,1.0,0.0,0.67
2.0,0.0,1.0,60,66,64,63.333333333333336,0,1.0,0.0,0.0,1.0,0.0,0.0,0.0,0.77
3.0,1.0,0.0,95,86,83,88.0,0,0.0,1.0,0.0,0.0,0.0,1.0,0.0,0.76
0.0,1.0,0.0,60,59,53,57.333333333333336,1,0.0,1.0,0.0,1.0,0.0,0.0,0.0,0.85
0.0,1.0,0.0,60,55,52,55.666666666666664,1,0.0,1.0,0.0,1.0,0.0,0.0,0.0,0.85
4.0,1.0,0.0,82,68,69,73.0,0,0.0,1.0,0.0,1.0,0.0,0.0,0.0,0.62
0.0,0.0,0.0,78,68,70,72.0,0,0.0,1.0,0.0,1.0,0.0,0.0,0.0,0.75
3.0,1.0,0.0,57,67,64,62.666666666666664,0,1.0,0.0,0.0,0.0,1.0,0.0,0.0,0.85
0.0,1.0,0.0,72,77,67,72.0,0,0.0,1.0,1.0,0.0,0.0,0.0,0.0,0.8
1.0,1.0,0.0,37,51,43,43.666666666666664,1,1.0,0.0,0.0,1.0,0.0,0.0,0.0,0.94
0.0,1.0,0.0,72,76,64,70.66666666666667,0,0.0,1.0,0.0,0.0,1.0,0.0,0.0,0.86
0.0,0.0,0.0,52,57,49,52.666666666666664,1,0.0,1.0,0.0,1.0,0.0,0.0,0.0,0.67
2.0,1.0,1.0,80,72,72,74.66666666666667,0,0.0,1.0,1.0,0.0,0.0,0.0,0.0,0.63
3.0,1.0,0.0,89,78,76,81.0,0,0.0,1.0,0.0,0.0,0.0,1.0,0.0,0.86
0.0,1.0,1.0,84,88,87,86.33333333333333,0,1.0,0.0,0.0,0.0,1.0,0.0,0.0,0.61
1.0,1.0,0.0,67,73,76,72.0,0,1.0,0.0,0.0,1.0,0.0,0.0,0.0,0.83
5.0,1.0,1.0,59,75,79,71.0,0,1.0,0.0,0.0,1.0,0.0,0.0,0.0,0.98
0.0,1.0,1.0,95,85,80,86.66666666666667,0,0.0,1.0,0.0,0.0,1.0,0.0,0.0,0.83
5.0,1.0,0.0,71,68,68,69.0,0,1.0,0.0,0.0,1.0,0.0,0.0,0.0,0.76
2.0,1.0,0.0,72,76,74,74.0,0,1.0,0.0,0.0,0.0,1.0,0.0,0.0,0.86
2.0,1.0,1.0,83,80,82,81.66666666666667,0,0.0,1.0,0.0,0.0,0.0,0.0,1.0,0.78
1.0,1.0,0.0,94,86,82,87.33333333333333,0,0.0,1.0,0.0,0.0,0.0,0.0,1.0,0.82
0.0,0.0,1.0,58,57,58,57.666666666666664,1,0.0,1.0,0.0,1.0,0.0,0.0,0.0,0.98
4.0,1.0,1.0,75,62,65,67.33333333333333,0,0.0,1.0,0.0,0.0,1.0,0.0,0.0,0.75
1.0,0.0,0.0,65,83,77,75.0,0,1.0,0.0,0.0,1.0,0.0,0.0,0.0,0.98
4.0,0.0,1.0,68,78,83,76.33333333333333,0,1.0,0.0,0.0,0.0,1.0,0.0,0.0,0.96
1.0,0.0,0.0,34,44,43,40.333333333333336,1,1.0,0.0,0.0,0.0,1.0,0.0,0.0,0.68
0.0,1.0,0.0,97,96,89,94.0,0,0.0,1.0,0.0,0.0,0.0,0.0,1.0,0.63
2.0,1.0,0.0,44,47,55,48.666666666666664,1,1.0,0.0,0.0,0.0,0.0,1.0,0.0,0.64
1.0,1.0,1.0,60,57,60,59.0,1,0.0,1.0,0.0,0.0,0.0,1.0,0.0,0.61
2.0,0.0,1.0,66,81,75,74.0,0,1.0,0.0,0.0,0.0,1.0,0.0,0.0,0.64
2.0,1.0,0.0,96,94,93,94.33333333333333,0,0.0,1.0,0.0,0.0,0.0,0.0,1.0,0.87
2.0,0.0,0.0,39,60,52,50.333333333333336,1,1.0,0.0,0.0,1.0,0.0,0.0,0.0,0.63
0.0,0.0,0.0,56,57,62,58.333333333333336,1,0.0,1.0,0.0,0.0,1.0,0.0,0.0,0.73
2.0,1.0,0.0,31,27,19,25.666666666666668,1,0.0,1.0,0.0,0.0,1.0,0.0,0.0,0.94
4.0,1.0,1.0,74,79,84,79.0,0,1.0,0.0,0.0,0.0,1.0,0.0,0.0,0.61
4.0,1.0,1.0,100,100,100,100.0,0,0.0,1.0,0.0,0.0,0.0,1.0,0.0,0.93
2.0,1.0,1.0,68,75,73,72.0,0,1.0,0.0,1.0,0.0,0.0,0.0,0.0,0.71
3.0,0.0,1.0,79,89,96,88.0,0,1.0,0.0,0.0,0.0,1.0,0.0,0.0,0.65
4.0,0.0,0.0,62,69,60,63.666666666666664,0,0.0,1.0,0.0,0.0,0.0,0.0,1.0,0.88
3.0,1.0,0.0,72,85,81,79.33333333333333,0,1.0,0.0,1.0,0.0,0.0,0.0,0.0,0.85
0.0,1.0,0.0,66,78,75,73.0,0,1.0,0.0,0.0,0.0,1.0,0.0,0.0,0.95
2.0,1.0,1.0,64,66,69,66.33333333333333,0,0.0,1.0,0.0,0.0,1.0,0.0,0.0,0.89
1.0,1.0,0.0,62,64,64,63.333333333333336,0,1.0,0.0,0.0,0.0,1.0,0.0,0.0,0.92
4.0,0.0,1.0,68,82,86,78.66666666666667,0,1.0,0.0,0.0,0.0,0.0,0.0,1.0,0.71
0.0,0.0,1.0,70,75,74,73.0,0,0.0,1.0,0.0,0.0,1.0,0.0,0.0,0.67
4.0,0.0,0.0,63,61,64,62.666666666666664,0,1.0,0.0,0.0,0.0,0.0,0.0,1.0,0.9
2.0,1.0,1.0,91,100,100,97.0,0,1.0,0.0,0.0,0.0,0.0,1.0,0.0,0.92
0.0,1.0,0.0,58,62,63,61.0,0,1.0,0.0,0.0,0.0,0.0,1.0,0.0,1.0
0.0,1.0,0.0,75,66,59,66.66666666666667,0,0.0,1.0,0.0,0.0,0.0,0.0,1.0,0.77
3.0,0.0,0.0,44,55,61,53.333333333333336,1,1.0,0.0,0.0,0.0,1.0,0.0,0.0,0.75
0.0,0.0,0.0,68,64,64,65.33333333333333,0,1.0,0.0,0.0,0.0,1.0,0.0,0.0,0.91
4.0,0.0,0.0,65,61,57,61.0,0,0.0,1.0,0.0,0.0,1.0,0.0,0.0,0.74
0.0,0.0,1.0,66,71,87,74.66666666666667,0,1.0,0.0,0.0,0.0,0.0,1.0,0.0,0.97
4.0,0.0,0.0,73,69,70,70.66666666666667,0,0.0,1.0,0.0,0.0,1.0,0.0,0.0,0.94
3.0,0.0,0.0,67,76,76,73.0,0,1.0,0.0,0.0,1.0,0.0,0.0,0.0,0.77
3.0,0.0,0.0,66,73,69,69.33333333333333,0,1.0,0.0,0.0,0.0,1.0,0.0,0.0,0.9
0.0,1.0,0.0,81,78,68,75.66666666666667,0,0.0,1.0,0.0,0.0,0.0,0.0,1.0,0.9
1.0,1.0,0.0,77,62,57,65.33333333333333,0,0.0,1.0,0.0,0.0,0.0,0.0,1.0,0.64
0.0,0.0,0.0,43,48,53,48.0,1,1.0,0.0,0.0,0.0,0.0,1.0,0.0,0.96
4.0,1.0,0.0,58,70,72,66.66666666666667,0,1.0,0.0,0.0,0.0,1.0,0.0,0.0,0.8
0.0,0.0,0.0,65,77,70,70.66666666666667,0,0.0,1.0,0.0,0.0,1.0,0.0,0.0,0.93
2.0,1.0,0.0,92,89,83,88.0,0,0.0,1.0,0.0,0.0,1.0,0.0,0.0,0.73
1.0,1.0,1.0,56,48,54,52.666666666666664,1,0.0,1.0,0.0,0.0,0.0,1.0,0.0,0.96
5.0,1.0,0.0,65,73,77,71.66666666666667,0,1.0,0.0,0.0,0.0,0.0,1.0,0.0,0.76
3.0,1.0,0.0,72,67,59,66.0,0,0.0,1.0,0.0,0.0,0.0,1.0,0.0,0.6
1.0,1.0,1.0,100,84,87,90.33333333333333,0,0.0,1.0,0.0,0.0,0.0,1.0,0.0,0.96
2.0,1.0,0.0,69,81,70,73.33333333333333,0,1.0,0.0,0.0,0.0,1.0,0.0,0.0,0.64
0.0,1.0,1.0,70,66,68,68.0,0,0.0,1.0,0.0,0.0,0.0,1.0,0.0,0.73
2.0,1.0,0.0,90,80,78,82.66666666666667,0,0.0,1.0,0.0,0.0,0.0,0.0,1.0,0.98
2.0,1.0,0.0,90,79,75,81.33333333333333,0,0.0,1.0,0.0,0.0,1.0,0.0,0.0,0.98
2.0,1.0,1.0,63,78,74,71.66666666666667,0,1.0,0.0,0.0,0.0,0.0,1.0,0.0,0.83
3.0,1.0,0.0,40,51,51,47.333333333333336,1,1.0,0.0,0.0,0.0,0.0,1.0,0.0,0.85
2.0,1.0,0.0,64,72,66,67.33333333333333,0,1.0,0.0,1.0,0.0,0.0,0.0,0.0,0.78
0.0,1.0,0.0,90,76,71,79.0,0,0.0,1.0,0.0,0.0,1.0,0.0,0.0,0.72
0.0,1.0,0.0,76,74,73,74.33333333333333,0,0.0,1.0,0.0,0.0,1.0,0.0,0.0,0.73
0.0,0.0,0.0,42,48,33,41.0,1,0.0,1.0,0.0,1.0,0.0,0.0,0.0,0.87
4.0,0.0,1.0,45,68,71,61.333333333333336,0,1.0,0.0,0.0,0.0,0.0,1.0,0.0,0.9
4.0,1.0,0.0,76,65,70,70.33333333333333,0,0.0,1.0,0.0,0.0,0.0,1.0,0.0,0.92
1.0,1.0,1.0,63,69,68,66.66666666666667,0,0.0,1.0,0.0,0.0,1.0,0.0,0.0,0.92
0.0,1.0,1.0,84,77,79,80.0,0,0.0,1.0,0.0,0.0,0.0,0.0,1.0,0.64
4.0,0.0,0.0,62,75,73,70.0,0,1.0,0.0,1.0,0.0,0.0,0.0,0.0,0.8
3.0,0.0,1.0,69,76,82,75.66666666666667,0,1.0,0.0,0.0,0.0,1.0,0.0,0.0,0.62
1.0,1.0,0.0,77,79,76,77.33333333333333,0,0.0,1.0,0.0,0.0,1.0,0.0,0.0,0.82
4.0,1.0,0.0,63,65,58,62.0,0,0.0,1.0,0.0,0.0,0.0,1.0,0.0,0.78
2.0,1.0,1.0,72,67,67,68.66666666666667,0,0.0,1.0,0.0,0.0,1.0,0.0,0.0,0.96
3.0,1.0,0.0,75,68,68,70.33333333333333,0,0.0,1.0,0.0,0.0,0.0,0.0,1.0,0.74
4.0,1.0,0.0,61,66,71,66.0,0,1.0,0.0,0.0,0.0,1.0,0.0,0.0,0.65
2.0,1.0,0.0,79,97,85,87.0,0,1.0,0.0,1.0,0.0,0.0,0.0,0.0,0.66
2.0,1.0,0.0,53,66,64,61.0,0,1.0,0.0,0.0,0.0,0.0,1.0,0.0,0.9
0.0,1.0,1.0,77,68,66,70.33333333333333,0,0.0,1.0,0.0,1.0,0.0,0.0,0.0,0.85
2.0,0.0,0.0,44,49,43,45.333333333333336,1,0.0,1.0,1.0,0.0,0.0,0.0,0.0,0.64
2.0,1.0,0.0,44,50,37,43.666666666666664,1,0.0,1.0,0.0,1.0,0.0,0.0,0.0,0.63
3.0,1.0,1.0,71,84,88,81.0,0,1.0,0.0,0.0,0.0,1.0,0.0,0.0,0.88
3.0,1.0,1.0,60,65,67,64.0,0,1.0,0.0,0.0,1.0,0.0,0.0,0.0,0.63
1.0,1.0,0.0,49,39,33,40.333333333333336,1,0.0,1.0,0.0,1.0,0.0,0.0,0.0,0.93
2.0,1.0,1.0,82,95,93,90.0,0,1.0,0.0,1.0,0.0,0.0,0.0,0.0,0.88
5.0,0.0,0.0,68,70,62,66.66666666666667,0,0.0,1.0,0.0,0.0,0.0,0.0,1.0,0.63
1.0,0.0,0.0,58,63,65,62.0,0,1.0,0.0,0.0,0.0,0.0,1.0,0.0,0.63
2.0,1.0,0.0,65,68,67,66.66666666666667,0,1.0,0.0,0.0,1.0,0.0,0.0,0.0,0.99
3.0,1.0,0.0,50,42,35,42.333333333333336,1,0.0,1.0,0.0,0.0,1.0,0.0,0.0,0.75
3.0,0.0,1.0,73,72,79,74.66666666666667,0,1.0,0.0,0.0,0.0,0.0,1.0,0.0,0.75
1.0,0.0,1.0,40,50,47,45.666666666666664,1,0.0,1.0,0.0,0.0,0.0,1.0,0.0,0.93
1.0,0.0,1.0,60,67,74,67.0,0,1.0,0.0,0.0,0.0,1.0,0.0,0.0,0.98
3.0,0.0,0.0,57,58,51,55.333333333333336,1,0.0,1.0,0.0,0.0,1.0,0.0,0.0,0.99
0.0,0.0,0.0,57,60,57,58.0,1,0.0,1.0,0.0,0.0,1.0,0.0,0.0,0.9
1.0,1.0,0.0,83,86,89,86.0,0,1.0,0.0,0.0,1.0,0.0,0.0,0.0,0.75
5.0,1.0,0.0,68,56,57,60.333333333333336,0,0.0,1.0,0.0,0.0,1.0,0.0,0.0,0.63
4.0,1.0,0.0,74,76,73,74.33333333333333,0,0.0,1.0,0.0,0.0,0.0,1.0,0.0,0.91
5.0,0.0,0.0,76,68,70,71.33333333333333,0,0.0,1.0,0.0,1.0,0.0,0.0,0.0,0.82
1.0,0.0,0.0,38,45,44,42.333333333333336,1,1.0,0.0,0.0,0.0,1.0,0.0,0.0,0.77
2.0,1.0,0.0,63,64,59,62.0,0,1.0,0.0,0.0,0.0,1.0,0.0,0.0,0.96
4.0,0.0,0.0,87,79,72,79.33333333333333,0,0.0,1.0,0.0,0.0,0.0,0.0,1.0,0.64
2.0,0.0,0.0,81,84,78,81.0,0,0.0,1.0,0.0,0.0,0.0,0.0,1.0,0.8
3.0,1.0,0.0,84,90,90,88.0,0,1.0,0.0,0.0,0.0,0.0,1.0,0.0,0.6
2.0,0.0,1.0,68,69,71,69.33333333333333,0,1.0,0.0,0.0,0.0,0.0,0.0,1.0,0.79
1.0,0.0,0.0,57,70,71,66.0,0,1.0,0.0,1.0,0.0,0.0,0.0,0.0,0.62
5.0,1.0,0.0,75,82,81,79.33333333333333,0,1.0,0.0,0.0,0.0,1.0,0.0,0.0,0.65
2.0,0.0,0.0,39,50,41,43.333333333333336,1,1.0,0.0,0.0,0.0,1.0,0.0,0.0,0.65
1.0,1.0,1.0,54,77,78,69.66666666666667,0,1.0,0.0,0.0,0.0,0.0,1.0,0.0,0.86
3.0,1.0,0.0,71,73,69,71.0,0,0.0,1.0,0.0,0.0,0.0,1.0,0.0,0.9
0.0,1.0,0.0,58,64,55,59.0,1,0.0,1.0,1.0,0.0,0.0,0.0,0.0,0.83
3.0,1.0,0.0,61,70,73,68.0,0,1.0,0.0,0.0,0.0,0.0,1.0,0.0,0.98
3.0,1.0,1.0,82,85,94,87.0,0,1.0,0.0,0.0,0.0,0.0,1.0,0.0,0.75
3.0,1.0,1.0,73,87,83,81.0,0,1.0,0.0,0.0,0.0,0.0,1.0,0.0,0.71
1.0,1.0,0.0,52,66,63,60.333333333333336,0,1.0,0.0,0.0,0.0,0.0,1.0,0.0,0.95
1.0,0.0,0.0,33,47,32,37.333333333333336,1,0.0,1.0,0.0,1.0,0.0,0.0,0.0,0.69
3.0,1.0,1.0,67,68,69,68.0,0,0.0,1.0,0.0,0.0,0.0,1.0,0.0,0.99
1.0,0.0,0.0,61,80,82,74.33333333333333,0,1.0,0.0,0.0,1.0,0.0,0.0,0.0,0.6
3.0,1.0,1.0,86,89,96,90.33333333333333,0,1.0,0.0,0.0,0.0,0.0,0.0,1.0,0.99
4.0,1.0,1.0,98,96,100,98.0,0,0.0,1.0,0.0,0.0,0.0,1.0,0.0,0.62
0.0,1.0,1.0,72,56,63,63.666666666666664,0,0.0,1.0,0.0,0.0,1.0,0.0,0.0,0.96
3.0,0.0,0.0,60,59,52,57.0,1,0.0,1.0,0.0,1.0,0.0,0.0,0.0,0.81
0.0,1.0,0.0,66,68,62,65.33333333333333,0,0.0,1.0,0.0,0.0,1.0,0.0,0.0,1.0
1.0,1.0,1.0,86,89,87,87.33333333333333,0,0.0,1.0,0.0,0.0,1.0,0.0,0.0,0.63
2.0,1.0,0.0,45,52,51,49.333333333333336,1,1.0,0.0,0.0,1.0,0.0,0.0,0.0,0.82
1.0,1.0,0.0,75,86,84,81.66666666666667,0,1.0,0.0,0.0,0.0,1.0,0.0,0.0,0.99
3.0,1.0,0.0,51,69,65,61.666666666666664,0,1.0,0.0,1.0,0.0,0.0,0.0,0.0,0.81
2.0,1.0,0.0,21,30,26,25.666666666666668,1,1.0,0.0,0.0,0.0,1.0,0.0,0.0,0.85
2.0,0.0,0.0,54,53,47,51.333333333333336,1,0.0,1.0,0.0,0.0,0.0,1.0,0.0,0.88
2.0,1.0,0.0,83,78,74,78.33333333333333,0,0.0,1.0,0.0,0.0,0.0,1.0,0.0,0.78
3.0,0.0,0.0,74,79,65,72.66666666666667,0,0.0,1.0,0.0,1.0,0.0,0.0,0.0,0.85
4.0,1.0,0.0,73,67,73,71.0,0,0.0,1.0,0.0,0.0,1.0,0.0,0.0,0.83
1.0,0.0,1.0,69,70,75,71.33333333333333,0,0.0,1.0,0.0,0.0,0.0,1.0,0.0,0.96
0.0,1.0,0.0,81,93,94,89.33333333333333,0,1.0,0.0,0.0,0.0,1.0,0.0,0.0,0.62
4.0,1.0,1.0,95,90,89,91.33333333333333,0,0.0,1.0,0.0,0.0,0.0,0.0,1.0,0.71
0.0,1.0,1.0,97,88,81,88.66666666666667,0,0.0,1.0,0.0,0.0,0.0,0.0,1.0,0.98
5.0,1.0,1.0,62,68,75,68.33333333333333,0,1.0,0.0,0.0,0.0,1.0,0.0,0.0,0.96
1.0,1.0,0.0,63,57,59,59.666666666666664,1,0.0,1.0,0.0,0.0,1.0,0.0,0.0,0.78
2.0,1.0,1.0,50,72,70,64.0,0,1.0,0.0,0.0,0.0,0.0,1.0,0.0,0.85
1.0,1.0,0.0,25,33,32,30.0,1,1.0,0.0,0.0,0.0,0.0,1.0,0.0,0.71
1.0,1.0,0.0,73,67,64,68.0,0,0.0,1.0,0.0,0.0,0.0,1.0,0.0,0.68
3.0,0.0,1.0,57,58,54,56.333333333333336,1,0.0,1.0,0.0,0.0,0.0,1.0,0.0,0.79
2.0,1.0,0.0,64,62,61,62.333333333333336,0,0.0,1.0,0.0,0.0,1.0,0.0,0.0,0.74
2.0,1.0,0.0,86,89,87,87.33333333333333,0,1.0,0.0,0.0,0.0,0.0,0.0,1.0,0.83
3.0,0.0,0.0,62,65,69,65.33333333333333,0,1.0,0.0,0.0,0.0,0.0,1.0,0.0,0.63
3.0,1.0,0.0,97,94,91,94.0,0,0.0,1.0,0.0,0.0,0.0,1.0,0.0,0.99
0.0,1.0,0.0,62,64,63,63.0,0,1.0,0.0,1.0,0.0,0.0,0.0,0.0,0.99
1.0,1.0,0.0,91,97,91,93.0,0,1.0,0.0,0.0,0.0,0.0,0.0,1.0,0.88
3.0,0.0,1.0,60,57,61,59.333333333333336,1,0.0,1.0,0.0,0.0,1.0,0.0,0.0,0.81
2.0,0.0,0.0,59,55,46,53.333333333333336,1,0.0,1.0,0.0,0.0,0.0,0.0,1.0,0.72
3.0,1.0,0.0,75,87,90,84.0,0,1.0,0.0,0.0,0.0,0.0,1.0,0.0,0.93
5.0,1.0,1.0,79,87,89,85.0,0,1.0,0.0,0.0,0.0,1.0,0.0,0.0,0.87
3.0,0.0,1.0,79,92,97,89.33333333333333,0,1.0,0.0,0.0,0.0,1.0,0.0,0.0,0.67
2.0,0.0,0.0,34,49,47,43.333333333333336,1,1.0,0.0,1.0,0.0,0.0,0.0,0.0,0.96
1.0,0.0,0.0,49,49,43,47.0,1,0.0,1.0,0.0,0.0,0.0,1.0,0.0,0.93
0.0,1.0,1.0,47,58,56,53.666666666666664,1,1.0,0.0,0.0,1.0,0.0,0.0,0.0,0.98
3.0,1.0,0.0,78,73,65,72.0,0,0.0,1.0,0.0,0.0,0.0,0.0,1.0,0.89
1.0,0.0,1.0,46,53,54,51.0,1,0.0,1.0,0.0,0.0,0.0,1.0,0.0,0.85
3.0,0.0,0.0,72,80,75,75.66666666666667,0,0.0,1.0,0.0,0.0,1.0,0.0,0.0,0.77
3.0,0.0,0.0,45,61,57,54.333333333333336,1,1.0,0.0,0.0,0.0,0.0,1.0,0.0,0.97
3.0,0.0,0.0,28,32,28,29.333333333333332,1,1.0,0.0,0.0,0.0,1.0,0.0,0.0,0.95
1.0,1.0,0.0,83,92,93,89.33333333333333,0,1.0,0.0,0.0,0.0,0.0,1.0,0.0,0.62
0.0,1.0,1.0,86,89,89,88.0,0,1.0,0.0,0.0,0.0,0.0,0.0,1.0,0.61
1.0,0.0,1.0,64,75,81,73.33333333333333,0,1.0,0.0,0.0,0.0,0.0,1.0,0.0,0.75
2.0,0.0,0.0,65,55,51,57.0,1,0.0,1.0,0.0,1.0,0.0,0.0,0.0,0.92
0.0,0.0,1.0,69,85,84,79.33333333333333,0,1.0,0.0,0.0,1.0,0.0,0.0,0.0,0.99
2.0,1.0,1.0,66,62,66,64.66666666666667,0,1.0,0.0,0.0,1.0,0.0,0.0,0.0,0.66
0.0,0.0,0.0,41,60,55,52.0,1,1.0,0.0,0.0,0.0,0.0,0.0,1.0,0.84
5.0,0.0,1.0,67,71,70,69.33333333333333,0,0.0,1.0,0.0,0.0,0.0,1.0,0.0,0.75
4.0,0.0,1.0,57,65,56,59.333333333333336,1,0.0,1.0,0.0,0.0,1.0,0.0,0.0,0.99
3.0,0.0,1.0,42,50,61,51.0,1,1.0,0.0,0.0,0.0,1.0,0.0,0.0,0.94
2.0,0.0,0.0,75,81,87,81.0,0,1.0,0.0,0.0,0.0,0.0,1.0,0.0,0.94
3.0,1.0,1.0,77,90,97,88.0,0,1.0,0.0,0.0,0.0,1.0,0.0,0.0,0.79
5.0,0.0,0.0,65,65,62,64.0,0,0.0,1.0,0.0,1.0,0.0,0.0,0.0,0.77
1.0,1.0,1.0,87,90,90,89.0,0,1.0,0.0,0.0,0.0,0.0,0.0,1.0,0.71
2.0,0.0,1.0,72,76,78,75.33333333333333,0,1.0,0.0,0.0,0.0,0.0,1.0,0.0,0.62
2.0,1.0,0.0,71,83,79,77.66666666666667,0,1.0,0.0,0.0,0.0,0.0,0.0,1.0,0.95
0.0,0.0,1.0,60,80,76,72.0,0,1.0,0.0,0.0,0.0,1.0,0.0,0.0,0.93
2.0,0.0,1.0,67,75,84,75.33333333333333,0,1.0,0.0,0.0,0.0,0.0,1.0,0.0,1.0
2.0,1.0,0.0,54,73,64,63.666666666666664,0,1.0,0.0,0.0,0.0,1.0,0.0,0.0,1.0
4.0,0.0,1.0,48,59,55,54.0,1,0.0,1.0,0.0,1.0,0.0,0.0,0.0,0.82
2.0,1.0,1.0,67,63,67,65.66666666666667,0,0.0,1.0,0.0,0.0,1.0,0.0,0.0,0.91
1.0,0.0,1.0,58,56,53,55.666666666666664,1,0.0,1.0,0.0,1.0,0.0,0.0,0.0,0.98
2.0,1.0,1.0,80,83,86,83.0,0,1.0,0.0,0.0,0.0,1.0,0.0,0.0,0.94
0.0,1.0,0.0,84,100,96,93.33333333333333,0,1.0,0.0,0.0,1.0,0.0,0.0,0.0,0.7
0.0,1.0,1.0,48,38,46,44.0,1,0.0,1.0,0.0,0.0,1.0,0.0,0.0,0.78
0.0,0.0,1.0,55,67,68,63.333333333333336,0,1.0,0.0,0.0,1.0,0.0,0.0,0.0,0.65
1.0,1.0,1.0,69,84,81,78.0,0,1.0,0.0,0.0,0.0,1.0,0.0,0.0,0.98
2.0,1.0,0.0,74,72,62,69.33333333333333,0,0.0,1.0,0.0,0.0,1.0,0.0,0.0,0.84
1.0,1.0,0.0,62,68,65,65.0,0,1.0,0.0,0.0,0.0,0.0,1.0,0.0,0.69
2.0,1.0,1.0,76,75,77,76.0,0,0.0,1.0,0.0,0.0,0.0,1.0,0.0,0.87
4.0,1.0,0.0,84,81,72,79.0,0,0.0,1.0,0.0,1.0,0.0,0.0,0.0,0.85
2.0,1.0,0.0,93,86,76,85.0,0,0.0,1.0,0.0,0.0,0.0,0.0,1.0,0.74
3.0,1.0,0.0,56,44,44,48.0,1,0.0,1.0,0.0,0.0,0.0,0.0,1.0,0.65
1.0,1.0,0.0,52,65,60,59.0,1,1.0,0.0,0.0,1.0,0.0,0.0,0.0,0.87
0.0,1.0,1.0,81,90,93,88.0,0,1.0,0.0,0.0,0.0,1.0,0.0,0.0,0.81
2.0,1.0,1.0,84,79,75,79.33333333333333,0,0.0,1.0,0.0,0.0,0.0,0.0,1.0,0.91
1.0,1.0,0.0,55,50,47,50.666666666666664,1,0.0,1.0,0.0,0.0,0.0,1.0,0.0,0.81
2.0,0.0,1.0,54,53,51,52.666666666666664,1,0.0,1.0,0.0,0.0,1.0,0.0,0.0,0.94
1.0,0.0,0.0,46,41,40,42.333333333333336,1,0.0,1.0,0.0,1.0,0.0,0.0,0.0,0.82
2.0,0.0,0.0,48,46,50,48.0,1,0.0,1.0,0.0,0.0,0.0,1.0,0.0,0.82
1.0,1.0,0.0,79,65,67,70.33333333333333,0,0.0,1.0,0.0,0.0,1.0,0.0,0.0,0.95
2.0,0.0,1.0,66,66,75,69.0,0,1.0,0.0,0.0,0.0,0.0,0.0,1.0,0.76
3.0,0.0,1.0,56,60,63,59.666666666666664,1,0.0,1.0,1.0,0.0,0.0,0.0,0.0,0.65
3.0,0.0,0.0,60,74,68,67.33333333333333,0,1.0,0.0,0.0,0.0,0.0,0.0,1.0,0.61
3.0,1.0,0.0,75,91,81,82.33333333333333,0,1.0,0.0,0.0,1.0,0.0,0.0,0.0,0.9
1.0,1.0,1.0,79,65,65,69.66666666666667,0,0.0,1.0,1.0,0.0,0.0,0.0,0.0,0.85
2.0,0.0,1.0,41,57,55,51.0,1,0.0,1.0,0.0,0.0,1.0,0.0,0.0,0.88
3.0,0.0,0.0,35,40,45,40.0,1,1.0,0.0,0.0,0.0,1.0,0.0,0.0,0.69
0.0,0.0,0.0,54,56,58,56.0,1,1.0,0.0,1.0,0.0,0.0,0.0,0.0,0.65
1.0,1.0,0.0,67,65,62,64.66666666666667,0,0.0,1.0,0.0,0.0,1.0,0.0,0.0,0.61
2.0,1.0,1.0,85,98,99,94.0,0,1.0,0.0,0.0,0.0,0.0,1.0,0.0,0.74
3.0,1.0,0.0,92,100,99,97.0,0,1.0,0.0,0.0,0.0,0.0,0.0,1.0,0.84
3.0,1.0,1.0,99,100,100,99.66666666666667,0,0.0,1.0,0.0,0.0,0.0,1.0,0.0,0.76
1.0,0.0,1.0,52,59,58,56.333333333333336,1,1.0,0.0,0.0,0.0,1.0,0.0,0.0,0.77
3.0,0.0,0.0,73,66,68,69.0,0,0.0,1.0,0.0,0.0,1.0,0.0,0.0,0.96
1.0,0.0,1.0,62,75,79,72.0,0,1.0,0.0,0.0,0.0,0.0,1.0,0.0,0.74
1.0,1.0,0.0,75,71,68,71.33333333333333,0,0.0,1.0,0.0,0.0,0.0,0.0,1.0,0.81
3.0,1.0,0.0,90,94,93,92.33333333333333,0,1.0,0.0,0.0,1.0,0.0,0.0,0.0,0.91
2.0,0.0,0.0,54,49,48,50.333333333333336,1,0.0,1.0,0.0,0.0,0.0,1.0,0.0,0.76
3.0,1.0,0.0,81,74,74,76.33333333333333,0,0.0,1.0,0.0,0.0,0.0,1.0,0.0,0.85
1.0,0.0,0.0,74,66,64,68.0,0,0.0,1.0,0.0,0.0,1.0,0.0,0.0,0.94
3.0,0.0,1.0,68,73,72,71.0,0,0.0,1.0,0.0,1.0,0.0,0.0,0.0,0.98
0.0,1.0,0.0,74,74,70,72.66666666666667,0,0.0,1.0,0.0,0.0,0.0,1.0,0.0,0.66
2.0,0.0,0.0,51,57,44,50.666666666666664,1,0.0,1.0,0.0,0.0,1.0,0.0,0.0,0.97
1.0,1.0,0.0,68,77,75,73.33333333333333,0,1.0,0.0,0.0,0.0,1.0,0.0,0.0,0.8
0.0,1.0,0.0,69,59,57,61.666666666666664,0,0.0,1.0,0.0,1.0,0.0,0.0,0.0,0.7
0.0,1.0,1.0,100,89,86,91.66666666666667,0,0.0,1.0,0.0,0.0,0.0,0.0,1.0,0.78
0.0,1.0,0.0,53,59,59,57.0,1,1.0,0.0,0.0,0.0,1.0,0.0,0.0,0.99
4.0,0.0,1.0,72,70,70,70.66666666666667,0,0.0,1.0,0.0,0.0,1.0,0.0,0.0,0.8
4.0,0.0,0.0,50,40,38,42.666666666666664,1,0.0,1.0,0.0,1.0,0.0,0.0,0.0,0.73
2.0,1.0,0.0,61,69,69,66.33333333333333,0,1.0,0.0,1.0,0.0,0.0,0.0,0.0,0.85
2.0,1.0,0.0,65,69,56,63.333333333333336,0,0.0,1.0,0.0,0.0,1.0,0.0,0.0,0.7
2.0,0.0,0.0,15,39,40,31.333333333333332,1,1.0,0.0,0.0,0.0,0.0,1.0,0.0,0.63
1.0,0.0,0.0,64,56,52,57.333333333333336,1,0.0,1.0,0.0,0.0,1.0,0.0,0.0,0.65
2.0,1.0,0.0,77,70,60,69.0,0,0.0,1.0,0.0,0.0,1.0,0.0,0.0,0.65
0.0,1.0,1.0,61,63,70,64.66666666666667,0,1.0,0.0,0.0,0.0,0.0,1.0,0.0,0.66
2.0,0.0,1.0,49,66,60,58.333333333333336,1,1.0,0.0,0.0,1.0,0.0,0.0,0.0,0.66
4.0,1.0,0.0,70,49,53,57.333333333333336,1,0.0,1.0,0.0,0.0,1.0,0.0,0.0,0.86
3.0,1.0,0.0,60,56,57,57.666666666666664,1,0.0,1.0,1.0,0.0,0.0,0.0,0.0,0.67
0.0,1.0,0.0,84,97,96,92.33333333333333,0,1.0,0.0,0.0,0.0,0.0,1.0,0.0,0.74
2.0,0.0,0.0,51,56,50,52.333333333333336,1,0.0,1.0,0.0,0.0,0.0,1.0,0.0,0.96
4.0,1.0,0.0,74,61,68,67.66666666666667,0,0.0,1.0,0.0,0.0,1.0,0.0,0.0,0.79
4.0,1.0,1.0,64,77,79,73.33333333333333,0,1.0,0.0,0.0,1.0,0.0,0.0,0.0,0.87
0.0,1.0,1.0,67,74,81,74.0,0,1.0,0.0,0.0,0.0,1.0,0.0,0.0,0.67
3.0,1.0,0.0,76,61,62,66.33333333333333,0,0.0,1.0,0.0,0.0,1.0,0.0,0.0,0.68
1.0,1.0,1.0,70,66,72,69.33333333333333,0,0.0,1.0,0.0,0.0,0.0,1.0,0.0,0.62
0.0,1.0,0.0,85,92,84,87.0,0,1.0,0.0,0.0,0.0,1.0,0.0,0.0,0.67
1.0,1.0,0.0,53,55,57,55.0,1,1.0,0.0,0.0,0.0,0.0,1.0,0.0,0.71
2.0,1.0,0.0,84,71,66,73.66666666666667,0,0.0,1.0,0.0,0.0,1.0,0.0,0.0,0.67
1.0,1.0,0.0,55,49,44,49.333333333333336,1,0.0,1.0,0.0,1.0,0.0,0.0,0.0,0.64
2.0,1.0,0.0,50,62,63,58.333333333333336,1,1.0,0.0,0.0,0.0,1.0,0.0,0.0,0.65
1.0,0.0,0.0,79,77,71,75.66666666666667,0,0.0,1.0,0.0,0.0,1.0,0.0,0.0,0.78
3.0,1.0,0.0,81,77,71,76.33333333333333,0,0.0,1.0,0.0,0.0,1.0,0.0,0.0,0.68
3.0,1.0,1.0,89,75,80,81.33333333333333,0,0.0,1.0,0.0,0.0,0.0,1.0,0.0,0.75
3.0,0.0,1.0,59,68,66,64.33333333333333,0,0.0,1.0,0.0,0.0,1.0,0.0,0.0,0.8
0.0,1.0,1.0,82,79,81,80.66666666666667,0,0.0,1.0,0.0,0.0,0.0,1.0,0.0,0.88
3.0,1.0,0.0,86,84,82,84.0,0,0.0,1.0,0.0,0.0,0.0,1.0,0.0,0.62
0.0,0.0,0.0,41,58,60,53.0,1,1.0,0.0,0.0,0.0,0.0,1.0,0.0,0.92
5.0,1.0,1.0,64,67,72,67.66666666666667,0,1.0,0.0,0.0,0.0,0.0,1.0,0.0,0.85
3.0,0.0,1.0,68,71,64,67.66666666666667,0,0.0,1.0,1.0,0.0,0.0,0.0,0.0,0.63
2.0,0.0,1.0,74,67,61,67.33333333333333,0,0.0,1.0,0.0,0.0,0.0,0.0,1.0,0.95
0.0,0.0,1.0,44,44,53,47.0,1,1.0,0.0,0.0,0.0,1.0,0.0,0.0,0.97
2.0,0.0,1.0,34,66,59,53.0,1,1.0,0.0,0.0,0.0,1.0,0.0,0.0,0.62
1.0,1.0,1.0,45,50,48,47.666666666666664,1,0.0,1.0,0.0,1.0,0.0,0.0,0.0,0.71
5.0,1.0,1.0,83,86,90,86.33333333333333,0,1.0,0.0,0.0,0.0,1.0,0.0,0.0,0.92
0.0,1.0,0.0,55,65,57,59.0,1,0.0,1.0,0.0,0.0,1.0,0.0,0.0,0.9
2.0,0.0,0.0,61,56,52,56.333333333333336,1,0.0,1.0,0.0,0.0,0.0,0.0,1.0,0.67
2.0,1.0,1.0,81,89,88,86.0,0,1.0,0.0,0.0,1.0,0.0,0.0,0.0,0.68
3.0,0.0,0.0,45,52,45,47.333333333333336,1,0.0,1.0,0.0,1.0,0.0,0.0,0.0,0.75
2.0,1.0,0.0,71,63,61,65.0,0,0.0,1.0,0.0,1.0,0.0,0.0,0.0,0.79
4.0,1.0,1.0,62,67,68,65.66666666666667,0,0.0,1.0,0.0,0.0,1.0,0.0,0.0,0.85
0.0,1.0,1.0,78,83,76,79.0,0,1.0,0.0,0.0,0.0,0.0,0.0,1.0,0.75
0.0,1.0,0.0,76,74,71,73.66666666666667,0,0.0,1.0,0.0,0.0,0.0,1.0,0.0,0.79
3.0,1.0,1.0,73,68,81,74.0,0,1.0,0.0,1.0,0.0,0.0,0.0,0.0,0.9
3.0,1.0,0.0,82,91,85,86.0,0,1.0,0.0,0.0,0.0,1.0,0.0,0.0,0.61
0.0,1.0,1.0,69,58,60,62.333333333333336,0,0.0,1.0,0.0,0.0,0.0,1.0,0.0,0.7
4.0,0.0,0.0,72,71,65,69.33333333333333,0,0.0,1.0,0.0,0.0,0.0,1.0,0.0,0.89
2.0,1.0,1.0,72,73,72,72.33333333333333,0,1.0,0.0,0.0,1.0,0.0,0.0,0.0,0.96
3.0,0.0,0.0,57,59,62,59.333333333333336,1,0.0,1.0,0.0,1.0,0.0,0.0,0.0,0.8
2.0,1.0,1.0,83,71,69,74.33333333333333,0,0.0,1.0,1.0,0.0,0.0,0.0,0.0,0.81
1.0,1.0,0.0,68,76,72,72.0,0,0.0,1.0,0.0,0.0,1.0,0.0,0.0,0.64
1.0,0.0,1.0,62,74,71,69.0,0,1.0,0.0,0.0,0.0,1.0,0.0,0.0,0.78
3.0,1.0,0.0,99,97,95,97.0,0,0.0,1.0,0.0,0.0,0.0,1.0,0.0,0.81
2.0,1.0,1.0,88,87,85,86.66666666666667,0,0.0,1.0,0.0,1.0,0.0,0.0,0.0,0.7
2.0,1.0,0.0,56,68,66,63.333333333333336,0,1.0,0.0,0.0,0.0,1.0,0.0,0.0,0.71
3.0,1.0,0.0,68,70,76,71.33333333333333,0,1.0,0.0,0.0,1.0,0.0,0.0,0.0,0.75
2.0,1.0,1.0,75,69,67,70.33333333333333,0,0.0,1.0,0.0,0.0,1.0,0.0,0.0,0.61
0.0,1.0,0.0,45,46,47,46.0,1,1.0,0.0,0.0,0.0,1.0,0.0,0.0,0.73
2.0,0.0,0.0,72,68,62,67.33333333333333,0,0.0,1.0,0.0,0.0,1.0,0.0,0.0,0.68
0.0,1.0,1.0,99,98,93,96.66666666666667,0,0.0,1.0,0.0,0.0,0.0,0.0,1.0,0.73
0.0,0.0,0.0,76,72,65,71.0,0,0.0,1.0,0.0,0.0,1.0,0.0,0.0,0.65
1.0,0.0,1.0,64,72,79,71.66666666666667,0,1.0,0.0,0.0,1.0,0.0,0.0,0.0,0.96
0.0,1.0,0.0,56,61,65,60.666666666666664,0,1.0,0.0,0.0,1.0,0.0,0.0,0.0,0.84
0.0,0.0,0.0,74,78,81,77.66666666666667,0,1.0,0.0,0.0,0.0,0.0,0.0,1.0,0.87
4.0,1.0,1.0,97,91,96,94.66666666666667,0,0.0,1.0,0.0,0.0,0.0,1.0,0.0,0.92
0.0,1.0,0.0,83,89,88,86.66666666666667,0,1.0,0.0,0.0,1.0,0.0,0.0,0.0,0.8
4.0,1.0,1.0,55,64,63,60.666666666666664,0,1.0,0.0,0.0,1.0,0.0,0.0,0.0,0.63
0.0,1.0,1.0,77,90,93,86.66666666666667,0,1.0,0.0,0.0,1.0,0.0,0.0,0.0,0.81
4.0,1.0,0.0,78,80,79,79.0,0,1.0,0.0,0.0,0.0,0.0,1.0,0.0,0.83
1.0,1.0,1.0,89,95,99,94.33333333333333,0,1.0,0.0,0.0,0.0,0.0,0.0,1.0,0.9
2.0,1.0,0.0,78,72,66,72.0,0,0.0,1.0,1.0,0.0,0.0,0.0,0.0,0.77
0.0,0.0,0.0,33,42,41,38.666666666666664,1,0.0,1.0,0.0,0.0,1.0,0.0,0.0,0.65
3.0,1.0,0.0,66,72,74,70.66666666666667,0,1.0,0.0,0.0,0.0,0.0,1.0,0.0,0.71
0.0,1.0,1.0,87,87,79,84.33333333333333,0,0.0,1.0,0.0,0.0,0.0,0.0,1.0,0.75
0.0,1.0,0.0,50,48,52,50.0,1,1.0,0.0,0.0,1.0,0.0,0.0,0.0,0.86
2.0,1.0,0.0,79,86,84,83.0,0,1.0,0.0,1.0,0.0,0.0,0.0,0.0,0.83
4.0,0.0,0.0,70,70,66,68.66666666666667,0,0.0,1.0,0.0,1.0,0.0,0.0,0.0,0.74
0.0,0.0,1.0,47,61,64,57.333333333333336,1,1.0,0.0,0.0,1.0,0.0,0.0,0.0,0.99
2.0,1.0,0.0,80,84,81,81.66666666666667,0,1.0,0.0,0.0,0.0,1.0,0.0,0.0,0.84
0.0,1.0,1.0,91,76,78,81.66666666666667,0,0.0,1.0,0.0,0.0,0.0,0.0,1.0,0.69
2.0,0.0,1.0,78,86,88,84.0,0,1.0,0.0,0.0,0.0,0.0,1.0,0.0,0.64
0.0,0.0,1.0,56,61,62,59.666666666666664,1,0.0,1.0,0.0,0.0,0.0,1.0,0.0,0.66
1.0,1.0,0.0,54,56,47,52.333333333333336,1,0.0,1.0,0.0,0.0,1.0,0.0,0.0,0.7
3.0,1.0,1.0,79,65,69,71.0,0,0.0,1.0,1.0,0.0,0.0,0.0,0.0,0.66
3.0,1.0,1.0,93,87,84,88.0,0,0.0,1.0,0.0,0.0,0.0,0.0,1.0,0.67
1.0,1.0,1.0,74,78,78,76.66666666666667,0,0.0,1.0,0.0,0.0,0.0,1.0,0.0,0.71
3.0,0.0,0.0,83,90,95,89.33333333333333,0,1.0,0.0,0.0,0.0,0.0,0.0,1.0,0.67
2.0,1.0,0.0,90,78,78,82.0,0,0.0,1.0,0.0,0.0,1.0,0.0,0.0,0.96
0.0,0.0,1.0,62,78,71,70.33333333333333,0,1.0,0.0,0.0,0.0,1.0,0.0,0.0,0.63
4.0,1.0,0.0,58,61,59,59.333333333333336,1,1.0,0.0,0.0,0.0,0.0,1.0,0.0,0.81
0.0,0.0,0.0,73,73,63,69.66666666666667,0,0.0,1.0,0.0,0.0,0.0,0.0,1.0,0.76
1.0,1.0,0.0,63,59,51,57.666666666666664,1,0.0,1.0,0.0,0.0,1.0,0.0,0.0,0.99
3.0,1.0,1.0,89,83,81,84.33333333333333,0,0.0,1.0,0.0,0.0,0.0,1.0,0.0,0.64
0.0,1.0,0.0,75,66,72,71.0,0,0.0,1.0,0.0,0.0,0.0,1.0,0.0,0.76
0.0,0.0,0.0,51,54,51,52.0,1,0.0,1.0,0.0,0.0,1.0,0.0,0.0,0.99
1.0,0.0,1.0,58,80,76,71.33333333333333,0,1.0,0.0,0.0,0.0,1.0,0.0,0.0,0.95
4.0,1.0,1.0,92,88,94,91.33333333333333,0,1.0,0.0,0.0,0.0,1.0,0.0,0.0,0.93
3.0,0.0,0.0,39,65,64,56.0,1,1.0,0.0,0.0,0.0,0.0,1.0,0.0,0.7
3.0,1.0,0.0,84,90,89,87.66666666666667,0,1.0,0.0,0.0,1.0,0.0,0.0,0.0,0.67
0.0,1.0,1.0,71,66,70,69.0,0,0.0,1.0,0.0,0.0,1.0,0.0,0.0,0.87
2.0,1.0,0.0,85,86,88,86.33333333333333,0,1.0,0.0,0.0,0.0,0.0,0.0,1.0,0.97
2.0,0.0,0.0,59,74,68,67.0,0,1.0,0.0,0.0,1.0,0.0,0.0,0.0,0.82
4.0,1.0,0.0,71,67,64,67.33333333333333,0,0.0,1.0,0.0,0.0,0.0,1.0,0.0,0.83
1.0,1.0,0.0,74,60,59,64.33333333333333,0,0.0,1.0,0.0,0.0,0.0,0.0,1.0,0.71
0.0,0.0,0.0,62,58,56,58.666666666666664,1,0.0,1.0,0.0,0.0,0.0,1.0,0.0,0.91
3.0,0.0,1.0,83,86,91,86.66666666666667,0,1.0,0.0,0.0,0.0,0.0,0.0,1.0,0.67
0.0,1.0,0.0,74,63,65,67.33333333333333,0,0.0,1.0,0.0,0.0,0.0,1.0,0.0,0.73
1.0,0.0,1.0,64,62,55,60.333333333333336,0,0.0,1.0,0.0,1.0,0.0,0.0,0.0,0.77
0.0,1.0,0.0,79,76,69,74.66666666666667,0,0.0,1.0,0.0,0.0,1.0,0.0,0.0,0.8
2.0,0.0,0.0,24,48,46,39.333333333333336,1,1.0,0.0,0.0,0.0,1.0,0.0,0.0,0.7
3.0,0.0,1.0,66,60,64,63.333333333333336,0,0.0,1.0,0.0,0.0,0.0,0.0,1.0,0.65
1.0,1.0,1.0,69,86,87,80.66666666666667,0,1.0,0.0,0.0,0.0,0.0,1.0,0.0,0.84
1.0,1.0,0.0,65,58,57,60.0,0,0.0,1.0,0.0,0.0,1.0,0.0,0.0,0.72
1.0,1.0,0.0,66,63,60,63.0,0,0.0,1.0,0.0,0.0,0.0,0.0,1.0,0.83
2.0,1.0,0.0,54,56,56,55.333333333333336,1,1.0,0.0,0.0,0.0,0.0,0.0,1.0,0.66
1.0,1.0,0.0,59,48,48,51.666666666666664,1,0.0,1.0,0.0,0.0,0.0,1.0,0.0,0.79
0.0,0.0,0.0,60,67,61,62.666666666666664,0,0.0,1.0,0.0,0.0,1.0,0.0,0.0,0.81
0.0,1.0,0.0,68,76,79,74.33333333333333,0,1.0,0.0,0.0,0.0,0.0,1.0,0.0,0.62
2.0,1.0,0.0,61,69,66,65.33333333333333,0,1.0,0.0,1.0,0.0,0.0,0.0,0.0,0.73
0.0,0.0,0.0,84,88,82,84.66666666666667,0,1.0,0.0,0.0,0.0,0.0,0.0,1.0,0.65
5.0,1.0,0.0,62,67,70,66.33333333333333,0,1.0,0.0,0.0,1.0,0.0,0.0,0.0,0.63
1.0,1.0,0.0,70,75,70,71.66666666666667,0,1.0,0.0,1.0,0.0,0.0,0.0,0.0,1.0
2.0,0.0,1.0,76,81,72,76.33333333333333,0,0.0,1.0,0.0,1.0,0.0,0.0,0.0,0.73
3.0,1.0,1.0,81,92,97,90.0,0,1.0,0.0,0.0,1.0,0.0,0.0,0.0,0.92
5.0,0.0,0.0,54,60,60,58.0,1,0.0,1.0,0.0,1.0,0.0,0.0,0.0,0.7
2.0,1.0,0.0,67,65,59,63.666666666666664,0,0.0,1.0,0.0,0.0,0.0,1.0,0.0,0.87
1.0,1.0,1.0,56,53,53,54.0,1,0.0,1.0,1.0,0.0,0.0,0.0,0.0,0.9
4.0,0.0,0.0,63,59,51,57.666666666666664,1,0.0,1.0,0.0,0.0,0.0,1.0,0.0,0.84
3.0,0.0,0.0,39,44,36,39.666666666666664,1,0.0,1.0,0.0,0.0,1.0,0.0,0.0,0.79
5.0,1.0,0.0,93,78,77,82.66666666666667,0,0.0,1.0,0.0,0.0,1.0,0.0,0.0,0.76
1.0,0.0,1.0,65,72,76,71.0,0,1.0,0.0,0.0,0.0,0.0,0.0,1.0,0.74
3.0,1.0,0.0,83,83,70,78.66666666666667,0,0.0,1.0,1.0,0.0,0.0,0.0,0.0,0.97
3.0,0.0,1.0,75,78,77,76.66666666666667,0,0.0,1.0,0.0,0.0,0.0,1.0,0.0,0.93
0.0,0.0,0.0,71,74,73,72.66666666666667,0,0.0,1.0,0.0,0.0,1.0,0.0,0.0,0.99
0.0,1.0,0.0,46,52,48,48.666666666666664,1,1.0,0.0,0.0,0.0,1.0,0.0,0.0,0.65
4.0,1.0,1.0,60,74,72,68.66666666666667,0,1.0,0.0,0.0,0.0,0.0,1.0,0.0,0.89
4.0,1.0,0.0,55,35,43,44.333333333333336,1,0.0,1.0,0.0,0.0,0.0,1.0,0.0,0.98
5.0,1.0,1.0,79,72,74,75.0,0,0.0,1.0,0.0,0.0,1.0,0.0,0.0,0.67
3.0,0.0,0.0,62,55,50,55.666666666666664,1,0.0,1.0,0.0,0.0,1.0,0.0,0.0,0.63
2.0,1.0,1.0,55,72,70,65.66666666666667,0,1.0,0.0,0.0,0.0,1.0,0.0,0.0,0.9
0.0,1.0,0.0,58,64,56,59.333333333333336,1,1.0,0.0,0.0,1.0,0.0,0.0,0.0,0.83
3.0,0.0,0.0,82,76,75,77.66666666666667,0,0.0,1.0,0.0,0.0,0.0,1.0,0.0,0.94
2.0,0.0,0.0,30,47,46,41.0,1,1.0,0.0,0.0,1.0,0.0,0.0,0.0,0.66
0.0,1.0,0.0,80,79,74,77.66666666666667,0,0.0,1.0,0.0,0.0,1.0,0.0,0.0,0.92
0.0,1.0,0.0,98,88,85,90.33333333333333,0,0.0,1.0,0.0,0.0,0.0,1.0,0.0,0.68
0.0,1.0,0.0,83,91,92,88.66666666666667,0,1.0,0.0,1.0,0.0,0.0,0.0,0.0,0.67
4.0,1.0,0.0,81,84,86,83.66666666666667,0,1.0,0.0,0.0,1.0,0.0,0.0,0.0,0.67
2.0,0.0,1.0,54,68,69,63.666666666666664,0,1.0,0.0,0.0,0.0,1.0,0.0,0.0,0.93
3.0,1.0,1.0,82,95,100,92.33333333333333,0,1.0,0.0,0.0,0.0,0.0,1.0,0.0,0.87
2.0,0.0,0.0,62,70,64,65.33333333333333,0,1.0,0.0,0.0,0.0,0.0,0.0,1.0,0.81
2.0,0.0,1.0,70,77,86,77.66666666666667,0,1.0,0.0,0.0,0.0,0.0,0.0,1.0,0.74
0.0,1.0,0.0,77,85,85,82.33333333333333,0,1.0,0.0,0.0,0.0,1.0,0.0,0.0,0.95
0.0,1.0,0.0,55,48,46,49.666666666666664,1,0.0,1.0,0.0,0.0,1.0,0.0,0.0,0.76
2.0,1.0,1.0,78,76,80,78.0,0,0.0,1.0,0.0,0.0,0.0,1.0,0.0,0.93
3.0,0.0,1.0,69,77,77,74.33333333333333,0,0.0,1.0,1.0,0.0,0.0,0.0,0.0,0.78
0.0,0.0,1.0,58,62,64,61.333333333333336,0,1.0,0.0,0.0,1.0,0.0,0.0,0.0,0.75
2.0,0.0,1.0,39,52,58,49.666666666666664,1,1.0,0.0,0.0,0.0,0.0,1.0,0.0,0.79
1.0,1.0,0.0,80,80,79,79.66666666666667,0,0.0,1.0,0.0,0.0,0.0,1.0,0.0,0.72
0.0,1.0,0.0,76,70,67,71.0,0,0.0,1.0,0.0,1.0,0.0,0.0,0.0,0.9
2.0,1.0,0.0,52,68,66,62.0,0,1.0,0.0,1.0,0.0,0.0,0.0,0.0,0.8
5.0,1.0,0.0,88,78,84,83.33333333333333,0,0.0,1.0,0.0,1.0,0.0,0.0,0.0,0.69
5.0,0.0,0.0,82,69,76,75.66666666666667,0,0.0,1.0,0.0,0.0,1.0,0.0,0.0,0.96
0.0,0.0,0.0,62,65,61,62.666666666666664,0,0.0,1.0,0.0,0.0,1.0,0.0,0.0,0.75
1.0,1.0,1.0,90,96,98,94.66666666666667,0,1.0,0.0,0.0,0.0,0.0,0.0,1.0,0.82
3.0,0.0,0.0,41,49,51,47.0,1,1.0,0.0,1.0,0.0,0.0,0.0,0.0,0.96
0.0,0.0,1.0,59,69,63,63.666666666666664,0,0.0,1.0,0.0,0.0,1.0,0.0,0.0,0.85
0.0,1.0,0.0,61,69,73,67.66666666666667,0,1.0,0.0,0.0,1.0,0.0,0.0,0.0,0.65
4.0,1.0,0.0,68,56,57,60.333333333333336,0,0.0,1.0,0.0,0.0,1.0,0.0,0.0,0.98
3.0,1.0,0.0,60,75,72,69.0,0,1.0,0.0,0.0,0.0,1.0,0.0,0.0,0.85
1.0,0.0,1.0,37,48,46,43.666666666666664,1,1.0,0.0,0.0,1.0,0.0,0.0,0.0,0.73
0.0,0.0,0.0,67,67,62,65.33333333333333,0,0.0,1.0,0.0,0.0,0.0,0.0,1.0,0.66
3.0,1.0,0.0,73,76,74,74.33333333333333,0,1.0,0.0,1.0,0.0,0.0,0.0,0.0,0.92
0.0,0.0,1.0,74,75,78,75.66666666666667,0,0.0,1.0,1.0,0.0,0.0,0.0,0.0,0.85
0.0,0.0,1.0,67,89,89,81.66666666666667,0,1.0,0.0,0.0,0.0,1.0,0.0,0.0,0.81
0.0,0.0,0.0,37,51,51,46.333333333333336,1,1.0,0.0,0.0,1.0,0.0,0.0,0.0,0.96
2.0,1.0,0.0,61,73,74,69.33333333333333,0,1.0,0.0,1.0,0.0,0.0,0.0,0.0,0.92
0.0,0.0,1.0,64,81,87,77.33333333333333,0,1.0,0.0,0.0,0.0,1.0,0.0,0.0,0.66
0.0,1.0,0.0,74,81,82,79.0,0,1.0,0.0,0.0,0.0,0.0,1.0,0.0,0.72
2.0,0.0,0.0,34,37,27,32.666666666666664,1,0.0,1.0,0.0,0.0,1.0,0.0,0.0,0.7
2.0,1.0,0.0,54,62,62,59.333333333333336,1,1.0,0.0,0.0,0.0,0.0,1.0,0.0,0.9
0.0,1.0,0.0,65,76,70,70.33333333333333,0,1.0,0.0,0.0,1.0,0.0,0.0,0.0,0.61
0.0,1.0,0.0,81,86,78,81.66666666666667,0,0.0,1.0,0.0,0.0,0.0,1.0,0.0,0.83
5.0,1.0,1.0,88,89,87,88.0,0,0.0,1.0,0.0,0.0,0.0,0.0,1.0,0.9
1.0,1.0,0.0,82,70,67,73.0,0,0.0,1.0,0.0,0.0,0.0,1.0,0.0,0.95
1.0,1.0,0.0,70,75,78,74.33333333333333,0,1.0,0.0,0.0,0.0,1.0,0.0,0.0,0.74
1.0,1.0,1.0,60,51,55,55.333333333333336,1,0.0,1.0,0.0,0.0,1.0,0.0,0.0,0.93
5.0,1.0,0.0,70,81,75,75.33333333333333,0,1.0,0.0,0.0,0.0,1.0,0.0,0.0,0.64
1.0,1.0,0.0,67,72,71,70.0,0,1.0,0.0,0.0,0.0,1.0,0.0,0.0,0.94
4.0,1.0,1.0,98,100,99,99.0,0,1.0,0.0,0.0,0.0,0.0,0.0,1.0,0.65
1.0,0.0,1.0,35,56,54,48.333333333333336,1,0.0,1.0,0.0,0.0,0.0,1.0,0.0,0.76
3.0,1.0,0.0,69,82,78,76.33333333333333,0,1.0,0.0,0.0,0.0,1.0,0.0,0.0,0.92
2.0,0.0,1.0,38,38,41,39.0,1,0.0,1.0,0.0,0.0,0.0,1.0,0.0,0.66
2.0,0.0,0.0,70,74,65,69.66666666666667,0,0.0,1.0,1.0,0.0,0.0,0.0,0.0,0.69
1.0,0.0,1.0,42,59,59,53.333333333333336,1,1.0,0.0,0.0,0.0,0.0,0.0,1.0,0.89
1.0,0.0,0.0,47,58,54,53.0,1,1.0,0.0,1.0,0.0,0.0,0.0,0.0,0.89
4.0,0.0,1.0,49,57,61,55.666666666666664,1,1.0,0.0,0.0,1.0,0.0,0.0,0.0,0.86
0.0,1.0,1.0,90,93,91,91.33333333333333,0,0.0,1.0,0.0,0.0,0.0,0.0,1.0,0.88
3.0,0.0,0.0,49,54,50,51.0,1,0.0,1.0,0.0,0.0,0.0,1.0,0.0,0.82
5.0,0.0,0.0,83,86,87,85.33333333333333,0,0.0,1.0,0.0,0.0,0.0,1.0,0.0,0.7
3.0,0.0,0.0,82,86,78,82.0,0,0.0,1.0,0.0,0.0,1.0,0.0,0.0,0.74
3.0,1.0,0.0,72,69,70,70.33333333333333,0,1.0,0.0,0.0,0.0,1.0,0.0,0.0,0.67
3.0,1.0,0.0,67,67,67,67.0,0,1.0,0.0,0.0,0.0,0.0,1.0,0.0,0.96
5.0,1.0,0.0,92,89,83,88.0,0,0.0,1.0,0.0,1.0,0.0,0.0,0.0,0.83
5.0,1.0,0.0,59,64,64,62.333333333333336,0,1.0,0.0,0.0,0.0,1.0,0.0,0.0,0.76
4.0,1.0,0.0,64,63,64,63.666666666666664,0,0.0,1.0,0.0,0.0,0.0,1.0,0.0,0.78
1.0,1.0,0.0,88,90,90,89.33333333333333,0,1.0,0.0,0.0,0.0,1.0,0.0,0.0,0.98
0.0,1.0,0.0,92,77,84,84.33333333333333,0,0.0,1.0,0.0,0.0,0.0,1.0,0.0,0.66
3.0,0.0,0.0,82,73,74,76.33333333333333,0,0.0,1.0,0.0,0.0,1.0,0.0,0.0,0.83
0.0,1.0,0.0,59,72,70,67.0,0,1.0,0.0,0.0,0.0,1.0,0.0,0.0,0.8
2.0,0.0,0.0,45,43,47,45.0,1,0.0,1.0,0.0,0.0,1.0,0.0,0.0,0.84
2.0,0.0,0.0,56,67,62,61.666666666666664,0,0.0,1.0,0.0,0.0,1.0,0.0,0.0,0.61
2.0,1.0,0.0,52,48,49,49.666666666666664,1,0.0,1.0,0.0,1.0,0.0,0.0,0.0,0.95
3.0,1.0,0.0,86,72,76,78.0,0,0.0,1.0,0.0,0.0,0.0,1.0,0.0,0.97
0.0,1.0,1.0,81,93,94,89.33333333333333,0,1.0,0.0,0.0,0.0,0.0,1.0,0.0,0.83
3.0,0.0,0.0,61,64,63,62.666666666666664,0,1.0,0.0,0.0,1.0,0.0,0.0,0.0,0.88
2.0,1.0,0.0,51,52,46,49.666666666666664,1,0.0,1.0,0.0,1.0,0.0,0.0,0.0,0.97
4.0,0.0,0.0,69,85,83,79.0,0,1.0,0.0,0.0,0.0,0.0,1.0,0.0,0.88
2.0,1.0,0.0,81,71,62,71.33333333333333,0,0.0,1.0,0.0,1.0,0.0,0.0,0.0,0.66
4.0,0.0,0.0,73,85,83,80.33333333333333,0,1.0,0.0,0.0,0.0,0.0,1.0,0.0,0.83
4.0,1.0,1.0,92,87,92,90.33333333333333,0,1.0,0.0,0.0,0.0,0.0,0.0,1.0,0.84
3.0,1.0,0.0,71,63,53,62.333333333333336,0,0.0,1.0,0.0,0.0,0.0,0.0,1.0,0.77
2.0,1.0,0.0,61,57,55,57.666666666666664,1,1.0,0.0,0.0,0.0,1.0,0.0,0.0,0.89
3.0,1.0,0.0,80,76,74,76.66666666666667,0,0.0,1.0,0.0,0.0,1.0,0.0,0.0,0.97
1.0,0.0,0.0,38,38,30,35.333333333333336,1,0.0,1.0,0.0,1.0,0.0,0.0,0.0,0.97
1.0,1.0,1.0,72,62,62,65.33333333333333,0,0.0,1.0,0.0,1.0,0.0,0.0,0.0,0.78
0.0,1.0,1.0,96,98,100,98.0,0,1.0,0.0,0.0,0.0,0.0,0.0,1.0,0.65
3.0,1.0,1.0,64,66,72,67.33333333333333,0,1.0,0.0,0.0,1.0,0.0,0.0,0.0,0.99
1.0,1.0,0.0,44,65,59,56.0,1,1.0,0.0,0.0,1.0,0.0,0.0,0.0,0.94
0.0,1.0,1.0,81,99,96,92.0,0,1.0,0.0,0.0,0.0,0.0,1.0,0.0,0.65
2.0,1.0,1.0,85,75,72,77.33333333333333,0,0.0,1.0,0.0,1.0,0.0,0.0,0.0,0.97
3.0,1.0,0.0,82,76,71,76.33333333333333,0,0.0,1.0,0.0,0.0,0.0,0.0,1.0,0.95
3.0,1.0,0.0,72,67,64,67.66666666666667,0,0.0,1.0,0.0,1.0,0.0,0.0,0.0,0.81
5.0,0.0,0.0,43,57,59,53.0,1,1.0,0.0,0.0,0.0,1.0,0.0,0.0,0.84
0.0,1.0,0.0,58,69,63,63.333333333333336,0,1.0,0.0,0.0,1.0,0.0,0.0,0.0,0.76
0.0,0.0,1.0,72,73,75,73.33333333333333,0,0.0,1.0,0.0,0.0,0.0,0.0,1.0,0.62
0.0,1.0,1.0,80,67,72,73.0,0,0.0,1.0,0.0,0.0,0.0,1.0,0.0,0.73
2.0,1.0,0.0,81,62,61,68.0,0,0.0,1.0,0.0,0.0,0.0,1.0,0.0,0.92
1.0,0.0,0.0,66,60,59,61.666666666666664,0,0.0,1.0,0.0,0.0,0.0,0.0,1.0,0.6
3.0,1.0,0.0,74,65,61,66.66666666666667,0,0.0,1.0,0.0,1.0,0.0,0.0,0.0,0.73
5.0,0.0,1.0,75,70,76,73.66666666666667,0,0.0,1.0,0.0,0.0,0.0,1.0,0.0,0.76
0.0,1.0,0.0,68,58,54,60.0,0,0.0,1.0,0.0,0.0,1.0,0.0,0.0,0.81
1.0,0.0,0.0,67,63,63,64.33333333333333,0,0.0,1.0,0.0,0.0,0.0,1.0,0.0,0.97
0.0,1.0,0.0,58,47,45,50.0,1,0.0,1.0,0.0,1.0,0.0,0.0,0.0,0.74
0.0,1.0,0.0,79,56,68,67.66666666666667,0,0.0,1.0,0.0,0.0,0.0,1.0,0.0,0.74
1.0,1.0,0.0,63,63,63,63.0,0,0.0,1.0,0.0,0.0,1.0,0.0,0.0,0.9
3.0,0.0,0.0,59,72,72,67.66666666666667,0,1.0,0.0,0.0,1.0,0.0,0.0,0.0,0.78
4.0,0.0,0.0,47,53,42,47.333333333333336,1,0.0,1.0,0.0,0.0,1.0,0.0,0.0,0.69
0.0,0.0,1.0,67,78,70,71.66666666666667,0,0.0,1.0,0.0,0.0,0.0,1.0,0.0,0.78
0.0,1.0,1.0,92,86,88,88.66666666666667,0,0.0,1.0,1.0,0.0,0.0,0.0,0.0,0.66
3.0,1.0,0.0,44,45,41,43.333333333333336,1,0.0,1.0,0.0,0.0,0.0,1.0,0.0,0.67
5.0,0.0,0.0,57,54,48,53.0,1,0.0,1.0,0.0,0.0,1.0,0.0,0.0,0.8
4.0,1.0,1.0,83,100,100,94.33333333333333,0,1.0,0.0,0.0,0.0,0.0,1.0,0.0,0.77
5.0,1.0,1.0,68,76,76,73.33333333333333,0,1.0,0.0,1.0,0.0,0.0,0.0,0.0,0.97
3.0,1.0,0.0,59,52,45,52.0,1,0.0,1.0,0.0,1.0,0.0,0.0,0.0,0.74
1.0,0.0,0.0,36,51,49,45.333333333333336,1,1.0,0.0,0.0,1.0,0.0,0.0,0.0,0.83
0.0,1.0,1.0,56,51,44,50.333333333333336,1,0.0,1.0,1.0,0.0,0.0,0.0,0.0,0.85
2.0,0.0,1.0,80,94,97,90.33333333333333,0,1.0,0.0,0.0,0.0,0.0,0.0,1.0,0.61
0.0,0.0,1.0,62,72,67,67.0,0,0.0,1.0,0.0,0.0,1.0,0.0,0.0,0.87
1.0,1.0,0.0,90,72,79,80.33333333333333,0,0.0,1.0,0.0,0.0,0.0,1.0,0.0,0.67
3.0,1.0,1.0,55,62,58,58.333333333333336,1,0.0,1.0,1.0,0.0,0.0,0.0,0.0,0.98
4.0,0.0,1.0,44,45,52,47.0,1,1.0,0.0,0.0,0.0,1.0,0.0,0.0,0.66
2.0,1.0,1.0,72,63,66,67.0,0,0.0,1.0,0.0,0.0,1.0,0.0,0.0,0.77
2.0,1.0,0.0,92,94,94,93.33333333333333,0,1.0,0.0,0.0,0.0,0.0,0.0,1.0,0.63
2.0,0.0,1.0,73,68,71,70.66666666666667,0,0.0,1.0,0.0,1.0,0.0,0.0,0.0,1.0
2.0,1.0,1.0,75,74,75,74.66666666666667,0,1.0,0.0,0.0,0.0,0.0,1.0,0.0,0.8
3.0,1.0,1.0,82,78,78,79.33333333333333,0,0.0,1.0,0.0,0.0,0.0,0.0,1.0,0.84
1.0,1.0,0.0,84,84,74,80.66666666666667,0,0.0,1.0,0.0,0.0,1.0,0.0,0.0,0.63
5.0,1.0,0.0,81,80,73,78.0,0,0.0,1.0,0.0,0.0,1.0,0.0,0.0,0.9
0.0,1.0,0.0,82,68,63,71.0,0,0.0,1.0,1.0,0.0,0.0,0.0,0.0,0.68
5.0,1.0,1.0,79,92,87,86.0,0,1.0,0.0,0.0,0.0,1.0,0.0,0.0,0.96
2.0,1.0,0.0,31,49,42,40.666666666666664,1,1.0,0.0,0.0,0.0,1.0,0.0,0.0,0.68
1.0,1.0,0.0,73,62,59,64.66666666666667,0,0.0,1.0,0.0,0.0,0.0,0.0,1.0,0.68
0.0,1.0,0.0,89,93,98,93.33333333333333,0,1.0,0.0,0.0,0.0,0.0,0.0,1.0,0.61
4.0,1.0,1.0,100,100,100,100.0,0,0.0,1.0,0.0,0.0,0.0,0.0,1.0,0.79
3.0,0.0,1.0,47,58,56,53.666666666666664,1,1.0,0.0,0.0,0.0,0.0,1.0,0.0,0.83
1.0,1.0,0.0,94,75,75,81.33333333333333,0,0.0,1.0,0.0,0.0,0.0,0.0,1.0,0.63
3.0,1.0,1.0,79,77,75,77.0,0,0.0,1.0,0.0,1.0,0.0,0.0,0.0,0.91
2.0,0.0,1.0,77,80,74,77.0,0,0.0,1.0,0.0,0.0,1.0,0.0,0.0,0.78
0.0,1.0,0.0,63,60,53,58.666666666666664,1,0.0,1.0,0.0,0.0,0.0,1.0,0.0,0.81
2.0,1.0,0.0,56,45,38,46.333333333333336,1,0.0,1.0,1.0,0.0,0.0,0.0,0.0,0.78
3.0,0.0,1.0,58,67,70,65.0,0,1.0,0.0,0.0,1.0,0.0,0.0,0.0,0.76
0.0,1.0,1.0,77,80,85,80.66666666666667,0,0.0,1.0,0.0,0.0,1.0,0.0,0.0,0.82
0.0,1.0,1.0,82,85,91,86.0,0,1.0,0.0,0.0,0.0,0.0,0.0,1.0,0.66
2.0,0.0,0.0,51,69,64,61.333333333333336,0,1.0,0.0,0.0,1.0,0.0,0.0,0.0,0.67
1.0,1.0,0.0,92,80,78,83.33333333333333,0,0.0,1.0,0.0,0.0,0.0,0.0,1.0,0.94
2.0,1.0,0.0,87,90,85,87.33333333333333,0,1.0,0.0,0.0,0.0,1.0,0.0,0.0,0.98
3.0,1.0,1.0,88,78,86,84.0,0,0.0,1.0,0.0,0.0,0.0,0.0,1.0,0.75
0.0,1.0,0.0,77,79,78,78.0,0,1.0,0.0,0.0,0.0,1.0,0.0,0.0,0.71
0.0,1.0,0.0,62,65,65,64.0,0,1.0,0.0,0.0,0.0,0.0,0.0,1.0,0.86
3.0,1.0,0.0,61,56,56,57.666666666666664,1,0.0,1.0,0.0,0.0,0.0,1.0,0.0,0.76
3.0,0.0,0.0,65,66,66,65.66666666666667,0,1.0,0.0,0.0,0.0,1.0,0.0,0.0,0.61
5.0,1.0,1.0,84,76,81,80.33333333333333,0,0.0,1.0,0.0,0.0,0.0,0.0,1.0,0.66
1.0,0.0,0.0,30,59,51,46.666666666666664,1,1.0,0.0,0.0,0.0,0.0,1.0,0.0,0.89
3.0,0.0,1.0,63,61,64,62.666666666666664,0,0.0,1.0,1.0,0.0,0.0,0.0,0.0,0.86
2.0,1.0,0.0,79,78,83,80.0,0,1.0,0.0,0.0,0.0,0.0,0.0,1.0,0.61
0.0,1.0,0.0,51,72,63,62.0,0,1.0,0.0,0.0,0.0,1.0,0.0,0.0,0.69
0.0,1.0,0.0,66,70,67,67.66666666666667,0,1.0,0.0,0.0,0.0,0.0,1.0,0.0,0.69
3.0,1.0,0.0,63,69,66,66.0,0,1.0,0.0,0.0,0.0,0.0,1.0,0.0,0.87
3.0,0.0,0.0,71,78,81,76.66666666666667,0,1.0,0.0,0.0,0.0,0.0,1.0,0.0,0.61
5.0,1.0,0.0,69,76,71,72.0,0,1.0,0.0,0.0,0.0,1.0,0.0,0.0,0.64
0.0,0.0,0.0,70,81,76,75.66666666666667,0,1.0,0.0,0.0,0.0,1.0,0.0,0.0,0.92
1.0,1.0,0.0,67,59,59,61.666666666666664,0,0.0,1.0,0.0,0.0,0.0,1.0,0.0,0.67
1.0,1.0,0.0,53,48,49,50.0,1,1.0,0.0,0.0,0.0,1.0,0.0,0.0,0.86
4.0,0.0,0.0,50,62,62,58.0,1,1.0,0.0,0.0,1.0,0.0,0.0,0.0,0.7
2.0,1.0,0.0,59,63,61,61.0,0,1.0,0.0,0.0,0.0,1.0,0.0,0.0,0.64
2.0,0.0,1.0,54,72,68,64.66666666666667,0,1.0,0.0,0.0,0.0,1.0,0.0,0.0,0.7
0.0,1.0,0.0,81,72,70,74.33333333333333,0,0.0,1.0,0.0,0.0,0.0,0.0,1.0,0.89
2.0,1.0,0.0,69,58,52,59.666666666666664,1,0.0,1.0,0.0,0.0,1.0,0.0,0.0,0.94
2.0,1.0,0.0,87,84,76,82.33333333333333,0,0.0,1.0,0.0,0.0,0.0,0.0,1.0,0.93
4.0,1.0,0.0,88,84,88,86.66666666666667,0,1.0,0.0,0.0,1.0,0.0,0.0,0.0,0.76
4.0,1.0,0.0,52,53,55,53.333333333333336,1,1.0,0.0,0.0,0.0,0.0,0.0,1.0,0.87
1.0,1.0,0.0,60,61,57,59.333333333333336,1,1.0,0.0,0.0,0.0,1.0,0.0,0.0,0.68
1.0,1.0,1.0,77,83,84,81.33333333333333,0,1.0,0.0,0.0,0.0,0.0,1.0,0.0,0.72
3.0,0.0,1.0,47,49,49,48.333333333333336,1,0.0,1.0,0.0,0.0,1.0,0.0,0.0,0.96
0.0,1.0,0.0,76,65,58,66.33333333333333,0,0.0,1.0,0.0,0.0,1.0,0.0,0.0,0.61
0.0,1.0,1.0,92,100,100,97.33333333333333,0,1.0,0.0,0.0,1.0,0.0,0.0,0.0,0.63
1.0,1.0,0.0,87,87,84,86.0,0,1.0,0.0,0.0,0.0,0.0,0.0,1.0,0.68
2.0,1.0,0.0,74,82,81,79.0,0,1.0,0.0,0.0,0.0,0.0,1.0,0.0,0.61
1.0,1.0,1.0,67,60,69,65.33333333333333,0,0.0,1.0,1.0,0.0,0.0,0.0,0.0,0.67
0.0,0.0,0.0,56,47,48,50.333333333333336,1,0.0,1.0,0.0,1.0,0.0,0.0,0.0,0.83
3.0,1.0,0.0,84,92,90,88.66666666666667,0,1.0,0.0,0.0,0.0,0.0,1.0,0.0,0.77
3.0,1.0,0.0,73,54,57,61.333333333333336,0,0.0,1.0,0.0,1.0,0.0,0.0,0.0,0.96
5.0,0.0,0.0,75,65,65,68.33333333333333,0,0.0,1.0,0.0,0.0,0.0,1.0,0.0,0.93
2.0,1.0,1.0,70,72,67,69.66666666666667,0,0.0,1.0,0.0,0.0,0.0,1.0,0.0,0.74
2.0,1.0,0.0,79,72,72,74.33333333333333,0,0.0,1.0,0.0,0.0,1.0,0.0,0.0,0.7
4.0,1.0,1.0,86,77,80,81.0,0,0.0,1.0,0.0,0.0,1.0,0.0,0.0,0.75
2.0,1.0,1.0,77,83,91,83.66666666666667,0,1.0,0.0,0.0,1.0,0.0,0.0,0.0,0.84
2.0,0.0,1.0,58,67,67,64.0,0,0.0,1.0,0.0,0.0,0.0,1.0,0.0,0.71
0.0,0.0,1.0,70,66,68,68.0,0,0.0,1.0,0.0,0.0,1.0,0.0,0.0,0.85
5.0,1.0,0.0,69,67,78,71.33333333333333,0,1.0,0.0,0.0,0.0,0.0,1.0,0.0,0.76
0.0,1.0,1.0,94,97,95,95.33333333333333,0,0.0,1.0,0.0,0.0,0.0,1.0,0.0,0.82
0.0,0.0,0.0,76,82,81,79.66666666666667,0,1.0,0.0,0.0,0.0,0.0,0.0,1.0,0.77
2.0,1.0,0.0,71,72,69,70.66666666666667,0,1.0,0.0,0.0,0.0,1.0,0.0,0.0,0.72
3.0,1.0,0.0,76,72,73,73.66666666666667,0,0.0,1.0,0.0,0.0,1.0,0.0,0.0,0.98
4.0,0.0,0.0,85,78,81,81.33333333333333,0,0.0,1.0,0.0,0.0,0.0,1.0,0.0,0.91
1.0,1.0,0.0,94,84,80,86.0,0,0.0,1.0,0.0,0.0,1.0,0.0,0.0,0.66
5.0,1.0,0.0,91,82,74,82.33333333333333,0,0.0,1.0,0.0,0.0,0.0,0.0,1.0,0.95
3.0,1.0,1.0,100,100,98,99.33333333333333,0,0.0,1.0,0.0,0.0,0.0,1.0,0.0,0.79
2.0,1.0,0.0,65,66,61,64.0,0,0.0,1.0,0.0,1.0,0.0,0.0,0.0,0.96
4.0,0.0,0.0,68,79,78,75.0,0,1.0,0.0,0.0,0.0,0.0,1.0,0.0,0.92
2.0,0.0,0.0,59,60,56,58.333333333333336,1,0.0,1.0,0.0,0.0,1.0,0.0,0.0,0.77
4.0,1.0,0.0,73,87,89,83.0,0,1.0,0.0,0.0,1.0,0.0,0.0,0.0,0.61
0.0,0.0,1.0,76,83,78,79.0,0,0.0,1.0,0.0,1.0,0.0,0.0,0.0,0.71
1.0,1.0,0.0,86,92,83,87.0,0,1.0,0.0,0.0,0.0,1.0,0.0,0.0,0.82
3.0,1.0,1.0,75,74,80,76.33333333333333,0,1.0,0.0,0.0,0.0,1.0,0.0,0.0,0.85
1.0,1.0,0.0,68,53,53,58.0,1,0.0,1.0,0.0,0.0,0.0,1.0,0.0,0.7
2.0,0.0,0.0,68,73,71,70.66666666666667,0,1.0,0.0,0.0,0.0,0.0,1.0,0.0,0.66
0.0,1.0,0.0,59,62,52,57.666666666666664,1,0.0,1.0,0.0,0.0,0.0,1.0,0.0,0.93
4.0,1.0,0.0,84,80,77,80.33333333333333,0,0.0,1.0,0.0,1.0,0.0,0.0,0.0,0.99
0.0,0.0,0.0,67,58,58,61.0,0,0.0,1.0,0.0,0.0,0.0,1.0,0.0,0.81
3.0,0.0,0.0,59,64,60,61.0,0,0.0,1.0,0.0,0.0,1.0,0.0,0.0,0.67
4.0,0.0,0.0,58,66,67,63.666666666666664,0,0.0,1.0,0.0,0.0,1.0,0.0,0.0,0.71
3.0,1.0,0.0,72,62,60,64.66666666666667,0,0.0,1.0,0.0,0.0,0.0,1.0,0.0,0.61
3.0,1.0,0.0,61,65,59,61.666666666666664,0,1.0,0.0,1.0,0.0,0.0,0.0,0.0,0.97
1.0,0.0,0.0,55,70,60,61.666666666666664,0,1.0,0.0,0.0,1.0,0.0,0.0,0.0,0.65
4.0,1.0,0.0,41,51,53,48.333333333333336,1,1.0,0.0,0.0,0.0,0.0,1.0,0.0,0.83
0.0,0.0,0.0,36,45,44,41.666666666666664,1,1.0,0.0,0.0,0.0,0.0,1.0,0.0,0.71
3.0,1.0,1.0,84,75,75,78.0,0,0.0,1.0,0.0,0.0,0.0,0.0,1.0,0.82
3.0,0.0,0.0,57,45,42,48.0,1,0.0,1.0,0.0,0.0,0.0,0.0,1.0,0.86
3.0,1.0,0.0,81,96,93,90.0,0,1.0,0.0,0.0,0.0,1.0,0.0,0.0,0.93
1.0,1.0,0.0,59,60,50,56.333333333333336,1,0.0,1.0,1.0,0.0,0.0,0.0,0.0,0.68
0.0,0.0,0.0,66,56,56,59.333333333333336,1,0.0,1.0,0.0,0.0,0.0,1.0,0.0,0.6
0.0,0.0,1.0,65,62,63,63.333333333333336,0,0.0,1.0,0.0,0.0,1.0,0.0,0.0,0.65
3.0,1.0,0.0,65,85,80,76.66666666666667,0,1.0,0.0,0.0,0.0,1.0,0.0,0.0,0.96
1.0,0.0,1.0,53,77,75,68.33333333333333,0,1.0,0.0,1.0,0.0,0.0,0.0,0.0,0.95
1.0,1.0,0.0,79,69,70,72.66666666666667,0,0.0,1.0,0.0,1.0,0.0,0.0,0.0,0.84
3.0,1.0,1.0,89,86,92,89.0,0,1.0,0.0,0.0,0.0,1.0,0.0,0.0,0.84
2.0,0.0,0.0,85,91,88,88.0,0,1.0,0.0,0.0,0.0,0.0,0.0,1.0,0.87
0.0,1.0,0.0,79,93,81,84.33333333333333,0,1.0,0.0,0.0,0.0,1.0,0.0,0.0,0.67
3.0,1.0,1.0,83,96,96,91.66666666666667,0,1.0,0.0,0.0,1.0,0.0,0.0,0.0,0.97
1.0,0.0,0.0,62,71,61,64.66666666666667,0,1.0,0.0,0.0,0.0,0.0,0.0,1.0,0.77
0.0,1.0,0.0,64,68,60,64.0,0,1.0,0.0,0.0,0.0,0.0,0.0,1.0,0.75
4.0,1.0,0.0,66,65,76,69.0,0,1.0,0.0,0.0,0.0,0.0,0.0,1.0,0.81
1.0,0.0,0.0,36,52,51,46.333333333333336,1,1.0,0.0,0.0,1.0,0.0,0.0,0.0,0.62
1.0,1.0,0.0,74,77,72,74.33333333333333,0,1.0,0.0,0.0,0.0,1.0,0.0,0.0,0.67
4.0,1.0,1.0,85,96,95,92.0,0,1.0,0.0,0.0,1.0,0.0,0.0,0.0,0.9
2.0,1.0,1.0,44,69,68,60.333333333333336,0,1.0,0.0,0.0,0.0,1.0,0.0,0.0,0.63
0.0,1.0,1.0,68,78,77,74.33333333333333,0,1.0,0.0,0.0,0.0,0.0,0.0,1.0,0.84
0.0,1.0,1.0,59,66,71,65.33333333333333,0,1.0,0.0,0.0,0.0,1.0,0.0,0.0,0.7
2.0,1.0,0.0,64,57,52,57.666666666666664,1,0.0,1.0,0.0,1.0,0.0,0.0,0.0,0.76
0.0,0.0,0.0,62,74,74,70.0,0,1.0,0.0,0.0,0.0,1.0,0.0,0.0,0.72
5.0,0.0,0.0,45,53,45,47.666666666666664,1,0.0,1.0,0.0,0.0,1.0,0.0,0.0,0.74
2.0,1.0,0.0,85,81,83,83.0,0,0.0,1.0,0.0,0.0,0.0,1.0,0.0,0.89
1.0,1.0,0.0,45,48,46,46.333333333333336,1,0.0,1.0,0.0,0.0,1.0,0.0,0.0,0.72
3.0,1.0,0.0,81,66,58,68.33333333333333,0,0.0,1.0,0.0,1.0,0.0,0.0,0.0,0.83
2.0,1.0,0.0,65,70,57,64.0,0,0.0,1.0,0.0,0.0,1.0,0.0,0.0,0.79
2.0,0.0,0.0,48,60,55,54.333333333333336,1,1.0,0.0,0.0,0.0,1.0,0.0,0.0,0.87
2.0,1.0,0.0,59,66,69,64.66666666666667,0,1.0,0.0,0.0,0.0,1.0,0.0,0.0,0.97
0.0,1.0,1.0,80,88,90,86.0,0,1.0,0.0,0.0,0.0,1.0,0.0,0.0,0.89
4.0,1.0,1.0,66,80,75,73.66666666666667,0,1.0,0.0,1.0,0.0,0.0,0.0,0.0,0.69
4.0,1.0,1.0,80,93,99,90.66666666666667,0,1.0,0.0,0.0,1.0,0.0,0.0,0.0,0.61
1.0,0.0,0.0,47,54,48,49.666666666666664,1,0.0,1.0,0.0,0.0,0.0,0.0,1.0,0.7
2.0,1.0,0.0,74,90,83,82.33333333333333,0,1.0,0.0,0.0,1.0,0.0,0.0,0.0,0.84
4.0,0.0,0.0,55,59,49,54.333333333333336,1,0.0,1.0,0.0,1.0,0.0,0.0,0.0,0.62
3.0,1.0,0.0,100,93,89,94.0,0,0.0,1.0,0.0,0.0,0.0,1.0,0.0,0.8
1.0,1.0,0.0,83,84,78,81.66666666666667,0,0.0,1.0,0.0,0.0,1.0,0.0,0.0,0.84
3.0,1.0,0.0,76,74,67,72.33333333333333,0,0.0,1.0,0.0,0.0,1.0,0.0,0.0,0.73
1.0,1.0,1.0,87,83,80,83.33333333333333,0,0.0,1.0,0.0,0.0,0.0,0.0,1.0,0.91
1.0,1.0,0.0,28,27,23,26.0,1,0.0,1.0,0.0,0.0,1.0,0.0,0.0,0.64
1.0,1.0,1.0,76,78,79,77.66666666666667,0,0.0,1.0,0.0,0.0,0.0,1.0,0.0,0.63
4.0,1.0,0.0,86,87,90,87.66666666666667,0,1.0,0.0,0.0,0.0,0.0,0.0,1.0,0.89
4.0,0.0,0.0,65,64,73,67.33333333333333,0,1.0,0.0,1.0,0.0,0.0,0.0,0.0,0.8
5.0,1.0,0.0,88,72,78,79.33333333333333,0,0.0,1.0,0.0,0.0,0.0,1.0,0.0,0.88
5.0,1.0,1.0,87,95,100,94.0,0,1.0,0.0,0.0,0.0,0.0,1.0,0.0,0.77
1.0,1.0,0.0,51,53,45,49.666666666666664,1,0.0,1.0,0.0,0.0,0.0,1.0,0.0,0.7
3.0,1.0,1.0,67,62,67,65.33333333333333,0,0.0,1.0,0.0,0.0,0.0,1.0,0.0,0.93
1.0,1.0,0.0,70,77,76,74.33333333333333,0,1.0,0.0,0.0,0.0,1.0,0.0,0.0,0.92
3.0,1.0,0.0,72,77,77,75.33333333333333,0,1.0,0.0,1.0,0.0,0.0,0.0,0.0,0.88
3.0,0.0,1.0,75,67,67,69.66666666666667,0,0.0,1.0,1.0,0.0,0.0,0.0,0.0,0.71
1.0,1.0,0.0,83,74,80,79.0,0,0.0,1.0,0.0,0.0,0.0,1.0,0.0,0.84
3.0,1.0,0.0,82,97,90,89.66666666666667,0,1.0,0.0,0.0,1.0,0.0,0.0,0.0,0.74
0.0,1.0,0.0,77,77,71,75.0,0,0.0,1.0,0.0,0.0,1.0,0.0,0.0,0.64
0.0,1.0,0.0,80,66,66,70.66666666666667,0,0.0,1.0,0.0,0.0,1.0,0.0,0.0,0.97
2.0,1.0,1.0,67,86,86,79.66666666666667,0,1.0,0.0,1.0,0.0,0.0,0.0,0.0,0.65
2.0,1.0,0.0,80,72,62,71.33333333333333,0,0.0,1.0,0.0,0.0,0.0,0.0,1.0,0.98
2.0,1.0,0.0,58,47,45,50.0,1,0.0,1.0,0.0,0.0,0.0,1.0,0.0,0.78
